Date,Bitcoin_Var%
2019-10-24,-0.58
2019-10-22,-2.15
2019-10-21,-0.18
2019-10-20,3.34
2019-10-19,0.11
2019-10-18,-1.55
2019-10-17,0.91
2019-10-16,-2.04
2019-10-15,-2.23
2019-10-14,0.87
2019-10-13,-0.28
2019-10-12,0.44
2019-10-11,-3.44
2019-10-10,-0.05
2019-10-09,4.69
2019-10-08,-0.19
2019-10-07,4.02
2019-10-06,-3.02
2019-10-05,-0.25
2019-10-04,-0.96
2019-10-03,-1.64
2019-10-02,0.74
2019-10-01,0.22
2019-09-30,2.92
2019-09-29,-1.94
2019-09-28,0.29
2019-09-27,1.5
2019-09-26,-4.37
2019-09-25,-0.96
2019-09-23,-3.28
2019-09-22,0.39
2019-09-21,-1.77
2019-09-20,-0.76
2019-09-19,0.84
2019-09-18,-0.3
2019-09-17,-0.58
2019-09-16,-0.54
2019-09-15,-0.25
2019-09-14,-0.05
2019-09-13,-0.7
2019-09-12,2.49
2019-09-11,0.57
2019-09-10,-1.98
2019-09-09,-0.9
2019-09-08,-0.56
2019-09-07,1.47
2019-09-06,-2.44
2019-09-05,-0.01
2019-09-04,-0.42
2019-09-03,2.55
2019-09-01,1.41
2019-08-31,0.09
2019-08-30,0.99
2019-08-29,-2.45
2019-08-28,-4.47
2019-08-27,-1.8
2019-08-26,2.32
2019-08-25,0.05
2019-08-24,-2.48
2019-08-23,2.81
2019-08-22,-0.36
2019-08-20,-1.45
2019-08-19,5.8
2019-08-18,0.93
2019-08-17,-1.14
2019-08-16,0.31
2019-08-15,2.53
2019-08-13,-4.4
2019-08-12,-1.07
2019-08-11,1.79
2019-08-09,-0.84
2019-08-08,1.48
2019-08-07,4.64
2019-08-06,-2.84
2019-08-04,1.1
2019-08-03,2.81
2019-08-02,1.35
2019-08-01,2.96
2019-07-31,5.23
2019-07-30,-0.0
2019-07-29,-1.51
2019-07-28,2.48
2019-07-27,-3.45
2019-07-26,-1.15
2019-07-25,1.44
2019-07-24,-0.85
2019-07-23,-5.03
2019-07-22,-2.82
2019-07-21,-1.04
2019-07-20,2.41
2019-07-19,-0.75
2019-07-17,3.17
2019-07-13,-3.38
2019-07-12,3.7
2019-07-10,-3.44
2019-07-09,2.36
2019-07-07,1.31
2019-07-06,2.71
2019-07-05,-1.73
2019-07-02,2.07
2019-07-01,-1.87
2019-06-29,-4.05
2019-06-24,1.37
2019-06-23,1.64
2019-06-22,5.33
2019-06-20,2.83
2019-06-19,1.93
2019-06-18,-2.56
2019-06-17,3.98
2019-06-16,1.7
2019-06-15,1.81
2019-06-14,5.32
2019-06-13,1.06
2019-06-12,3.11
2019-06-11,-1.25
2019-06-10,4.62
2019-06-09,-3.37
2019-06-08,-1.05
2019-06-07,2.57
2019-06-06,0.08
2019-06-05,1.22
2019-06-04,-5.41
2019-06-02,2.14
2019-06-01,-0.15
2019-05-31,3.46
2019-05-30,-4.35
2019-05-29,-0.79
2019-05-28,-0.5
2019-05-27,1.51
2019-05-25,0.72
2019-05-24,1.5
2019-05-23,2.83
2019-05-22,-3.72
2019-05-21,-0.44
2019-05-20,-2.35
2019-05-18,-1.32
2019-05-16,-3.59
2019-05-15,2.13
2019-05-14,2.42
2019-05-12,-2.86
2019-05-10,3.14
2019-05-09,3.36
2019-05-08,2.41
2019-05-07,1.82
2019-05-06,-0.52
2019-05-05,-0.96
2019-05-04,1.11
2019-05-03,4.97
2019-05-02,2.04
2019-05-01,1.19
2019-04-30,1.64
2019-04-29,-1.27
2019-04-28,0.69
2019-04-27,-0.61
2019-04-26,1.71
2019-04-25,-3.81
2019-04-24,-1.74
2019-04-23,3.08
2019-04-22,1.97
2019-04-21,-0.88
2019-04-20,0.94
2019-04-19,-0.45
2019-04-18,1.08
2019-04-17,0.53
2019-04-16,2.95
2019-04-15,-2.0
2019-04-14,1.64
2019-04-13,-0.05
2019-04-12,0.63
2019-04-11,-5.37
2019-04-10,2.89
2019-04-09,-1.65
2019-04-08,1.38
2019-04-07,2.53
2019-04-06,0.72
2019-04-05,2.2
2019-04-04,-1.33
2019-04-03,2.25
2019-04-01,1.04
2019-03-31,-0.23
2019-03-30,0.23
2019-03-29,1.9
2019-03-28,-0.4
2019-03-27,2.51
2019-03-26,0.15
2019-03-25,-1.44
2019-03-24,-0.2
2019-03-23,0.3
2019-03-22,0.21
2019-03-21,-1.46
2019-03-20,0.6
2019-03-19,0.67
2019-03-18,0.22
2019-03-17,-0.62
2019-03-16,2.09
2019-03-15,1.17
2019-03-14,0.36
2019-03-13,-0.54
2019-03-12,0.41
2019-03-11,-1.15
2019-03-10,-0.74
2019-03-09,2.03
2019-03-08,-0.24
2019-03-07,0.32
2019-03-06,0.15
2019-03-05,3.8
2019-03-04,-2.45
2019-03-03,-0.36
2019-03-02,0.03
2019-03-01,0.14
2019-02-28,0.05
2019-02-27,0.11
2019-02-26,-0.61
2019-02-25,2.09
2019-02-23,3.91
2019-02-22,0.73
2019-02-21,-0.9
2019-02-20,1.48
2019-02-19,0.47
2019-02-17,1.31
2019-02-16,0.34
2019-02-15,0.34
2019-02-14,-0.52
2019-02-13,-0.56
2019-02-12,0.01
2019-02-11,-1.28
2019-02-10,0.48
2019-02-09,-0.01
2019-02-07,-0.2
2019-02-06,-1.85
2019-02-05,0.16
2019-02-04,0.11
2019-02-03,-1.24
2019-02-02,1.0
2019-02-01,0.9
2019-01-31,-0.66
2019-01-30,1.32
2019-01-29,-0.81
2019-01-28,-3.17
2019-01-27,-0.43
2019-01-26,-0.03
2019-01-25,-0.06
2019-01-24,0.36
2019-01-23,-0.52
2019-01-22,1.23
2019-01-21,-0.16
2019-01-20,-3.68
2019-01-19,2.0
2019-01-18,-0.57
2019-01-17,1.07
2019-01-16,0.47
2019-01-15,-1.84
2019-01-14,4.24
2019-01-13,-2.98
2019-01-12,-0.53
2019-01-11,0.35
2019-01-09,0.17
2019-01-08,-0.37
2019-01-07,-0.45
2019-01-06,5.78
2019-01-05,-0.46
2019-01-04,0.6
2019-01-03,-2.42
2019-01-02,1.69
2019-01-01,2.69
2018-12-31,-2.77
2018-12-30,2.92
2018-12-29,-4.01
2018-12-27,-5.45
2018-12-26,0.83
2018-12-24,2.07
2018-12-23,-0.5
2018-12-22,2.95
2018-12-19,0.52
2018-12-18,4.02
2018-12-16,0.6
2018-12-15,-0.59
2018-12-14,-2.04
2018-12-13,-4.35
2018-12-12,1.72
2018-12-11,-1.53
2018-12-10,-3.0
2018-12-09,4.0
2018-12-08,0.24
2018-12-07,-2.46
2018-12-05,-4.72
2018-12-04,1.56
2018-12-02,-0.85
2018-12-01,3.87
2018-11-29,0.73
2018-11-27,0.77
2018-11-25,3.62
2018-11-23,0.96
2018-11-21,2.52
2018-11-18,0.65
2018-11-17,-0.26
2018-11-16,-1.45
2018-11-15,-2.11
2018-11-13,-0.09
2018-11-12,-0.17
2018-11-11,0.3
2018-11-10,0.24
2018-11-09,-0.96
2018-11-08,-1.39
2018-11-07,0.96
2018-11-06,0.67
2018-11-05,-0.29
2018-11-04,1.44
2018-11-03,-0.6
2018-11-02,0.38
2018-11-01,0.54
2018-10-31,0.64
2018-10-30,-0.15
2018-10-29,-2.33
2018-10-28,-0.12
2018-10-27,-0.24
2018-10-26,0.05
2018-10-25,-0.36
2018-10-24,0.03
2018-10-23,-0.41
2018-10-22,-0.41
2018-10-21,0.16
2018-10-20,0.92
2018-10-19,-0.94
2018-10-18,-1.68
2018-10-17,-0.28
2018-10-16,0.08
2018-10-15,5.9
2018-10-14,0.08
2018-10-13,0.48
2018-10-12,0.84
2018-10-10,-0.49
2018-10-09,-0.28
2018-10-08,0.89
2018-10-07,0.22
2018-10-06,-0.65
2018-10-05,0.83
2018-10-04,1.17
2018-10-03,-0.64
2018-10-02,-0.88
2018-10-01,-0.41
2018-09-30,0.47
2018-09-29,-0.48
2018-09-28,-0.79
2018-09-27,3.42
2018-09-26,0.36
2018-09-25,-2.11
2018-09-24,-1.79
2018-09-23,-0.38
2018-09-22,-0.55
2018-09-21,4.28
2018-09-20,1.55
2018-09-19,0.76
2018-09-18,1.44
2018-09-17,-3.82
2018-09-16,-0.29
2018-09-15,0.54
2018-09-14,0.01
2018-09-13,2.29
2018-09-12,0.7
2018-09-11,-0.43
2018-09-10,1.32
2018-09-09,0.88
2018-09-08,-3.23
2018-09-07,-1.89
2018-09-06,-2.87
2018-09-04,1.56
2018-09-03,-0.41
2018-09-02,1.45
2018-09-01,2.21
2018-08-31,0.57
2018-08-30,-0.5
2018-08-29,-0.64
2018-08-28,2.57
2018-08-27,2.75
2018-08-26,-0.33
2018-08-25,0.81
2018-08-24,2.44
2018-08-23,2.54
2018-08-22,-1.89
2018-08-21,3.41
2018-08-20,-3.29
2018-08-19,1.61
2018-08-18,-3.08
2018-08-17,4.36
2018-08-16,0.8
2018-08-15,1.08
2018-08-14,-1.04
2018-08-13,-0.91
2018-08-12,1.31
2018-08-11,1.29
2018-08-09,4.06
2018-08-07,-3.15
2018-08-06,-1.19
2018-08-05,0.18
2018-08-04,-5.46
2018-08-03,-1.55
2018-08-02,-0.93
2018-08-01,-1.59
2018-07-31,-5.48
2018-07-30,-0.47
2018-07-29,-0.22
2018-07-28,0.57
2018-07-27,3.15
2018-07-26,-2.9
2018-07-25,-2.78
2018-07-23,4.19
2018-07-22,0.05
2018-07-21,0.95
2018-07-20,-1.85
2018-07-19,1.27
2018-07-18,0.84
2018-07-16,5.77
2018-07-15,1.73
2018-07-14,0.4
2018-07-13,-0.33
2018-07-12,-2.17
2018-07-11,1.3
2018-07-10,-5.4
2018-07-09,-0.71
2018-07-08,-0.75
2018-07-07,2.23
2018-07-06,1.09
2018-07-05,-0.79
2018-07-04,1.3
2018-07-03,-1.6
2018-07-02,3.97
2018-07-01,-0.5
2018-06-30,2.99
2018-06-29,5.61
2018-06-28,-4.41
2018-06-27,1.2
2018-06-26,-2.79
2018-06-25,1.66
2018-06-24,-0.21
2018-06-23,1.84
2018-06-21,-0.55
2018-06-20,0.19
2018-06-19,0.49
2018-06-18,4.02
2018-06-17,-0.7
2018-06-16,1.49
2018-06-15,-3.56
2018-06-14,5.3
2018-06-13,-3.75
2018-06-12,-4.76
2018-06-11,1.64
2018-06-09,-1.4
2018-06-08,-0.98
2018-06-07,0.48
2018-06-06,0.39
2018-06-05,1.69
2018-06-04,-2.91
2018-06-03,1.08
2018-06-02,1.54
2018-06-01,0.38
2018-05-31,1.39
2018-05-30,-0.91
2018-05-29,4.89
2018-05-28,-3.36
2018-05-27,0.07
2018-05-26,-1.56
2018-05-25,-1.52
2018-05-24,1.07
2018-05-22,-4.73
2018-05-21,-1.47
2018-05-20,3.44
2018-05-19,-0.01
2018-05-18,2.27
2018-05-17,-3.37
2018-05-16,-1.56
2018-05-15,-2.27
2018-05-14,-0.22
2018-05-13,2.77
2018-05-12,0.61
2018-05-10,-3.15
2018-05-09,1.33
2018-05-08,-2.49
2018-05-07,-2.33
2018-05-06,-2.0
2018-05-05,1.49
2018-05-04,-0.42
2018-05-03,5.48
2018-05-02,1.85
2018-05-01,-1.84
2018-04-30,-1.8
2018-04-29,0.67
2018-04-28,4.6
2018-04-27,-3.73
2018-04-26,4.67
2018-04-23,1.66
2018-04-22,-1.3
2018-04-21,0.63
2018-04-19,1.37
2018-04-18,3.41
2018-04-17,-2.0
2018-04-16,-3.51
2018-04-15,4.49
2018-04-14,1.48
2018-04-13,-0.49
2018-04-11,1.56
2018-04-10,1.08
2018-04-09,-3.54
2018-04-08,1.81
2018-04-07,4.25
2018-04-06,-2.33
2018-04-05,-0.4
2018-04-03,5.03
2018-04-02,3.56
2018-04-01,-1.63
2018-03-31,1.23
2018-03-30,-3.86
2018-03-28,1.96
2018-03-27,-4.2
2018-03-26,-3.89
2018-03-25,-0.87
2018-03-24,-4.14
2018-03-23,2.18
2018-03-22,-2.02
2018-03-21,-0.08
2018-03-20,3.43
2018-03-19,5.07
2018-03-18,4.14
2018-03-17,-5.0
2018-03-16,0.3
2018-03-15,0.66
2018-03-13,0.19
2018-03-12,-4.12
2018-03-10,-4.94
2018-03-09,-0.89
2018-03-05,-0.75
2018-03-04,0.12
2018-03-03,5.31
2018-03-02,-0.7
2018-03-01,5.52
2018-02-28,-2.46
2018-02-27,3.01
2018-02-25,-1.23
2018-02-24,-4.58
2018-02-23,3.34
2018-02-20,0.62
2018-02-16,1.41
2018-02-15,5.92
2018-02-13,-4.09
2018-02-10,-1.61
2018-02-07,-1.38
2018-02-03,3.91
2018-02-02,-3.14
2018-01-31,0.98
2018-01-29,-4.67
2018-01-28,2.86
2018-01-27,3.14
2018-01-26,-0.76
2018-01-25,-2.18
2018-01-24,5.04
2018-01-23,0.35
2018-01-19,2.98
2018-01-18,0.47
2018-01-17,-1.49
2018-01-15,0.02
2018-01-14,-4.18
2018-01-13,2.92
2018-01-12,2.6
2018-01-10,1.79
2018-01-09,-1.32
2018-01-06,1.28
2018-01-04,0.15
2018-01-03,2.73
2018-01-01,-2.93
2017-12-29,-0.04
2017-12-27,-2.16
2017-12-25,0.32
2017-12-24,-4.21
2017-12-23,5.35
2017-12-21,-5.04
2017-12-18,-0.49
2017-12-17,-1.45
2017-12-14,1.11
2017-12-13,-4.67
2017-12-12,2.1
2017-12-10,1.46
2017-12-08,-4.76
2017-12-05,0.37
2017-12-04,3.36
2017-12-03,3.06
2017-12-02,0.47
2017-11-30,1.11
2017-11-29,-0.69
2017-11-28,1.78
2017-11-27,4.45
2017-11-24,2.34
2017-11-23,-2.69
2017-11-22,1.66
2017-11-21,-1.76
2017-11-20,2.51
2017-11-19,3.36
2017-11-18,1.05
2017-11-17,-1.96
2017-11-14,1.14
2017-11-11,-3.44
2017-11-09,-4.23
2017-11-08,4.81
2017-11-07,2.06
2017-11-05,0.35
2017-11-04,2.96
2017-11-03,1.81
2017-11-02,4.26
2017-11-01,4.44
2017-10-31,5.34
2017-10-30,-0.38
2017-10-28,-0.66
2017-10-27,-2.09
2017-10-26,2.68
2017-10-25,4.01
2017-10-23,-1.32
2017-10-22,-0.4
2017-10-21,0.23
2017-10-20,5.17
2017-10-19,2.2
2017-10-18,-0.41
2017-10-17,-2.79
2017-10-16,1.25
2017-10-15,-2.34
2017-10-14,3.33
2017-10-13,3.77
2017-10-11,1.28
2017-10-10,-0.3
2017-10-09,3.59
2017-10-08,3.97
2017-10-07,1.46
2017-10-06,1.17
2017-10-05,2.44
2017-10-04,-2.21
2017-10-03,-1.98
2017-10-02,-0.04
2017-10-01,0.97
2017-09-30,4.5
2017-09-29,-0.54
2017-09-28,-0.39
2017-09-26,-1.02
2017-09-24,-3.18
2017-09-23,5.2
2017-09-22,-0.45
2017-09-20,-0.66
2017-09-19,-4.69
2017-09-17,-0.25
2017-09-16,-0.4
2017-09-12,-1.4
2017-09-11,-0.66
2017-09-10,-2.06
2017-09-09,0.2
2017-09-07,0.37
2017-09-06,4.75
2017-09-05,3.32
2017-09-03,0.86
2017-09-01,3.94
2017-08-31,3.32
2017-08-30,-0.31
2017-08-29,4.71
2017-08-28,1.03
2017-08-27,-0.15
2017-08-26,-0.28
2017-08-25,1.07
2017-08-24,4.28
2017-08-23,1.26
2017-08-22,2.11
2017-08-21,-1.51
2017-08-20,-2.02
2017-08-19,1.1
2017-08-18,-4.06
2017-08-17,-2.47
2017-08-16,5.42
2017-08-15,-3.84
2017-08-13,4.93
2017-08-12,5.94
2017-08-10,2.3
2017-08-09,-2.35
2017-08-08,0.81
2017-08-07,5.26
2017-08-06,-0.94
2017-08-04,2.44
2017-08-03,3.29
2017-08-02,-0.96
2017-08-01,-4.73
2017-07-31,4.22
2017-07-30,1.21
2017-07-29,-2.61
2017-07-28,4.27
2017-07-27,5.18
2017-07-26,-0.9
2017-07-24,0.25
2017-07-23,-2.82
2017-07-22,6.04
2017-07-19,-1.62
2017-07-18,3.89
2017-07-16,-3.09
2017-07-14,-5.43
2017-07-13,-1.69
2017-07-12,3.39
2017-07-11,-0.84
2017-07-09,-2.08
2017-07-08,2.03
2017-07-07,-3.84
2017-07-06,-0.52
2017-07-05,0.4
2017-07-04,1.74
2017-07-03,1.42
2017-07-02,4.61
2017-07-01,-2.26
2017-06-30,-3.04
2017-06-29,-0.75
2017-06-28,-0.23
2017-06-27,5.63
2017-06-26,-3.76
2017-06-25,-1.87
2017-06-24,-4.44
2017-06-23,-0.46
2017-06-22,1.69
2017-06-21,-2.79
2017-06-20,5.26
2017-06-19,3.04
2017-06-18,-4.35
2017-06-17,5.84
2017-06-16,2.71
2017-06-15,-1.01
2017-06-13,2.12
2017-06-11,2.52
2017-06-10,3.16
2017-06-09,0.45
2017-06-08,3.99
2017-06-06,6.12
2017-06-04,-0.84
2017-06-03,2.12
2017-06-02,3.31
2017-06-01,4.75
2017-05-31,5.05
2017-05-30,-3.76
2017-05-29,4.07
2017-05-26,-2.7
2017-05-22,3.92
2017-05-21,0.2
2017-05-20,3.98
2017-05-19,4.31
2017-05-18,4.42
2017-05-17,4.16
2017-05-16,1.19
2017-05-15,-3.59
2017-05-14,0.5
2017-05-13,4.59
2017-05-11,3.82
2017-05-10,3.23
2017-05-09,1.98
2017-05-07,0.59
2017-05-06,2.49
2017-05-05,-0.59
2017-05-04,2.1
2017-05-03,2.74
2017-05-02,2.13
2017-05-01,4.73
2017-04-30,1.17
2017-04-29,0.5
2017-04-28,-0.25
2017-04-27,3.6
2017-04-26,1.77
2017-04-25,1.29
2017-04-24,-0.08
2017-04-23,0.66
2017-04-22,-0.7
2017-04-21,0.93
2017-04-20,1.88
2017-04-19,0.76
2017-04-18,1.01
2017-04-17,1.46
2017-04-16,-0.02
2017-04-15,-0.03
2017-04-14,0.1
2017-04-13,-3.0
2017-04-12,-0.67
2017-04-11,1.16
2017-04-10,0.2
2017-04-09,2.0
2017-04-08,-0.82
2017-04-07,0.15
2017-04-06,5.21
2017-04-05,-1.04
2017-04-04,-0.5
2017-04-03,4.57
2017-04-02,1.04
2017-04-01,0.65
2017-03-31,3.97
2017-03-30,-0.38
2017-03-29,-0.24
2017-03-28,-0.07
2017-03-26,0.32
2017-03-25,2.83
2017-03-23,-0.93
2017-03-20,2.44
2017-03-19,5.27
2017-03-15,0.83
2017-03-14,0.4
2017-03-13,1.07
2017-03-12,3.89
2017-03-11,6.01
2017-03-09,3.87
2017-03-07,-3.47
2017-03-06,0.46
2017-03-05,0.55
2017-03-04,-1.48
2017-03-03,2.22
2017-03-02,2.68
2017-03-01,2.81
2017-02-28,0.04
2017-02-27,1.47
2017-02-26,1.96
2017-02-25,-2.33
2017-02-24,0.39
2017-02-23,4.59
2017-02-22,0.13
2017-02-21,3.85
2017-02-20,2.73
2017-02-19,-0.32
2017-02-18,0.27
2017-02-17,1.69
2017-02-16,2.35
2017-02-15,-0.01
2017-02-14,1.3
2017-02-13,-0.12
2017-02-12,-1.17
2017-02-11,1.07
2017-02-10,1.91
2017-02-08,0.56
2017-02-07,2.43
2017-02-06,0.84
2017-02-05,-1.53
2017-02-04,1.86
2017-02-03,0.9
2017-02-02,2.19
2017-02-01,1.75
2017-01-31,4.86
2017-01-30,0.68
2017-01-29,-0.43
2017-01-28,0.05
2017-01-27,0.27
2017-01-26,2.36
2017-01-25,0.07
2017-01-24,-3.01
2017-01-23,0.29
2017-01-22,-0.11
2017-01-21,3.02
2017-01-20,-0.26
2017-01-19,2.66
2017-01-18,-3.07
2017-01-16,0.75
2017-01-15,0.19
2017-01-14,-0.63
2017-01-13,1.82
2017-01-12,3.14
2017-01-10,0.51
2017-01-09,-0.12
2017-01-08,1.35
2017-01-07,0.31
2017-01-03,1.6
2017-01-02,2.17
2017-01-01,3.33
2016-12-31,0.45
2016-12-30,-1.24
2016-12-29,-0.11
2016-12-28,5.01
2016-12-27,3.05
2016-12-26,0.82
2016-12-25,0.0
2016-12-24,-2.85
2016-12-22,3.73
2016-12-21,3.77
2016-12-20,1.18
2016-12-19,0.1
2016-12-18,0.23
2016-12-17,0.65
2016-12-16,0.88
2016-12-15,-0.17
2016-12-14,-0.29
2016-12-13,0.03
2016-12-12,1.38
2016-12-11,-0.79
2016-12-10,0.46
2016-12-09,0.26
2016-12-08,0.38
2016-12-07,0.97
2016-12-06,0.51
2016-12-05,-1.57
2016-12-04,0.28
2016-12-03,-0.87
2016-12-02,2.43
2016-12-01,1.37
2016-11-30,1.36
2016-11-29,-0.1
2016-11-28,0.53
2016-11-27,-0.64
2016-11-26,-0.84
2016-11-25,0.69
2016-11-24,-0.78
2016-11-23,-1.1
2016-11-22,1.79
2016-11-21,1.05
2016-11-20,-2.59
2016-11-19,0.12
2016-11-18,1.28
2016-11-17,-0.37
2016-11-16,4.1
2016-11-15,0.93
2016-11-14,0.37
2016-11-13,-0.33
2016-11-12,-1.5
2016-11-11,0.06
2016-11-10,-0.95
2016-11-09,1.48
2016-11-08,0.78
2016-11-07,-0.64
2016-11-06,1.11
2016-11-05,0.0
2016-11-04,2.51
2016-11-02,0.93
2016-11-01,4.02
2016-10-31,0.2
2016-10-30,-2.47
2016-10-29,4.18
2016-10-28,0.58
2016-10-27,1.13
2016-10-26,3.64
2016-10-25,0.08
2016-10-24,-0.39
2016-10-23,-0.37
2016-10-22,3.97
2016-10-21,0.34
2016-10-20,-0.11
2016-10-19,-0.99
2016-10-18,-0.32
2016-10-17,-0.43
2016-10-16,0.49
2016-10-15,-0.14
2016-10-14,0.37
2016-10-13,-0.06
2016-10-12,-0.7
2016-10-11,3.75
2016-10-10,0.25
2016-10-09,-0.3
2016-10-08,0.26
2016-10-07,0.83
2016-10-06,-0.14
2016-10-05,0.47
2016-10-04,-0.43
2016-10-03,0.15
2016-10-02,-0.44
2016-10-01,0.87
2016-09-30,0.57
2016-09-29,0.0
2016-09-28,-0.13
2016-09-27,-0.18
2016-09-26,0.84
2016-09-25,-0.18
2016-09-24,-0.05
2016-09-23,1.22
2016-09-22,-0.26
2016-09-21,-1.98
2016-09-20,-0.1
2016-09-19,-0.14
2016-09-18,0.6
2016-09-17,-0.12
2016-09-16,-0.05
2016-09-15,-0.23
2016-09-14,0.15
2016-09-13,0.1
2016-09-12,0.39
2016-09-11,-3.03
2016-09-10,0.22
2016-09-09,-0.39
2016-09-08,2.02
2016-09-07,0.45
2016-09-06,0.77
2016-09-05,-0.62
2016-09-04,1.79
2016-09-03,4.09
2016-09-02,0.58
2016-09-01,-0.33
2016-08-31,-0.6
2016-08-30,0.54
2016-08-29,-0.13
2016-08-28,0.81
2016-08-27,-1.56
2016-08-26,0.24
2016-08-25,-0.29
2016-08-24,-0.67
2016-08-23,-0.67
2016-08-22,1.17
2016-08-21,-0.33
2016-08-20,1.4
2016-08-19,0.2
2016-08-18,0.18
2016-08-17,-1.35
2016-08-16,2.34
2016-08-15,-0.37
2016-08-14,-2.66
2016-08-13,-0.43
2016-08-12,-0.12
2016-08-11,-0.52
2016-08-10,0.97
2016-08-09,-0.68
2016-08-08,-0.27
2016-08-07,0.75
2016-08-06,2.05
2016-08-05,-0.27
2016-08-04,1.73
2016-08-01,-2.39
2016-07-31,-5.02
2016-07-30,-0.11
2016-07-29,0.2
2016-07-28,-0.06
2016-07-27,0.02
2016-07-26,0.06
2016-07-25,-0.8
2016-07-24,0.63
2016-07-23,0.62
2016-07-22,-2.03
2016-07-21,0.03
2016-07-20,-1.0
2016-07-19,0.11
2016-07-18,-0.88
2016-07-17,2.37
2016-07-16,-0.53
2016-07-15,1.06
2016-07-14,-0.59
2016-07-13,-1.4
2016-07-12,3.69
2016-07-11,-0.06
2016-07-10,-0.72
2016-07-09,-1.65
2016-07-08,4.33
2016-07-06,1.36
2016-07-05,-1.7
2016-07-04,2.04
2016-07-03,-5.22
2016-07-02,3.48
2016-07-01,0.68
2016-06-30,5.26
2016-06-29,-1.29
2016-06-28,0.04
2016-06-27,3.08
2016-06-25,1.01
2016-06-24,5.81
2016-06-23,5.13
2016-06-20,-3.56
2016-06-19,0.96
2016-06-18,1.33
2016-06-17,-2.27
2016-06-15,0.82
2016-06-14,-2.13
2016-06-13,5.03
2016-06-11,2.37
2016-06-10,0.56
2016-06-09,-1.0
2016-06-08,0.86
2016-06-07,-1.37
2016-06-06,1.51
2016-06-05,0.52
2016-06-04,0.87
2016-06-03,5.57
2016-06-02,-0.06
2016-06-01,1.6
2016-05-31,-0.63
2016-05-30,3.14
2016-05-29,-1.56
2016-05-27,4.58
2016-05-26,0.78
2016-05-25,0.82
2016-05-24,0.55
2016-05-23,0.93
2016-05-22,-0.91
2016-05-21,0.35
2016-05-20,-0.12
2016-05-19,-2.55
2016-05-18,0.21
2016-05-17,-0.36
2016-05-16,-0.71
2016-05-15,0.37
2016-05-14,0.23
2016-05-13,0.22
2016-05-12,0.43
2016-05-11,0.7
2016-05-10,-2.41
2016-05-09,0.56
2016-05-08,-0.13
2016-05-07,-0.24
2016-05-06,2.56
2016-05-05,0.51
2016-05-04,-0.99
2016-05-03,1.37
2016-05-02,-1.78
2016-05-01,0.83
2016-04-30,-1.42
2016-04-29,1.45
2016-04-28,0.33
2016-04-27,-4.08
2016-04-26,0.92
2016-04-25,0.91
2016-04-24,1.66
2016-04-23,1.08
2016-04-22,-0.9
2016-04-21,1.85
2016-04-20,1.43
2016-04-19,1.69
2016-04-18,0.34
2016-04-17,-0.88
2016-04-16,0.32
2016-04-15,1.1
2016-04-14,0.13
2016-04-13,-0.3
2016-04-12,0.79
2016-04-11,0.28
2016-04-10,0.53
2016-04-09,0.09
2016-04-08,-0.58
2016-04-07,-0.27
2016-04-06,-0.19
2016-04-05,0.65
2016-04-04,0.06
2016-04-03,0.13
2016-04-02,0.69
2016-04-01,0.0
2016-03-31,0.78
2016-03-30,-0.62
2016-03-29,-1.71
2016-03-28,-0.56
2016-03-27,1.94
2016-03-26,0.19
2016-03-25,0.23
2016-03-24,-0.54
2016-03-23,0.19
2016-03-22,1.24
2016-03-21,-0.1
2016-03-20,0.69
2016-03-19,0.13
2016-03-18,-2.39
2016-03-17,0.54
2016-03-16,0.19
2016-03-15,0.2
2016-03-14,0.46
2016-03-13,0.5
2016-03-12,-2.09
2016-03-11,0.79
2016-03-10,0.74
2016-03-09,0.21
2016-03-08,-0.72
2016-03-07,2.19
2016-03-06,1.74
2016-03-05,-2.56
2016-03-04,-2.4
2016-03-03,-1.36
2016-03-02,-2.0
2016-03-01,-0.5
2016-02-29,0.86
2016-02-28,0.27
2016-02-27,0.93
2016-02-26,0.91
2016-02-25,0.18
2016-02-24,0.67
2016-02-23,-4.09
2016-02-22,-0.02
2016-02-21,-0.5
2016-02-20,4.78
2016-02-19,-0.34
2016-02-18,1.02
2016-02-17,2.64
2016-02-16,1.33
2016-02-15,-1.09
2016-02-14,3.95
2016-02-13,1.58
2016-02-12,1.21
2016-02-11,-0.64
2016-02-10,1.75
2016-02-09,0.72
2016-02-08,-1.4
2016-02-07,0.33
2016-02-06,-2.53
2016-02-05,-1.07
2016-02-04,6.15
2016-02-03,-1.58
2016-02-02,0.47
2016-02-01,0.63
2016-01-31,-2.1
2016-01-30,-0.67
2016-01-29,0.16
2016-01-28,-3.88
2016-01-27,1.34
2016-01-26,-0.76
2016-01-25,-2.33
2016-01-24,3.48
2016-01-23,1.56
2016-01-21,-1.05
2016-01-19,-1.29
2016-01-18,0.5
2016-01-17,-0.67
2016-01-16,3.43
2016-01-14,-0.71
2016-01-13,-2.89
2016-01-12,-0.6
2016-01-11,0.34
2016-01-10,-0.47
2016-01-09,-1.01
2016-01-08,-0.91
2016-01-07,6.09
2016-01-06,-0.09
2016-01-05,-0.49
2016-01-04,0.61
2016-01-03,-0.7
2016-01-02,-0.06
2016-01-01,0.94
2015-12-31,0.66
2015-12-30,-1.1
2015-12-29,2.41
2015-12-28,-0.15
2015-12-27,1.69
2015-12-25,0.24
2015-12-24,2.38
2015-12-23,1.24
2015-12-22,-0.13
2015-12-21,-0.95
2015-12-20,-4.21
2015-12-19,-0.43
2015-12-18,1.68
2015-12-17,0.34
2015-12-16,-1.87
2015-12-15,4.67
2015-12-14,1.68
2015-12-13,0.56
2015-12-12,-3.9
2015-12-10,-0.12
2015-12-09,1.3
2015-12-08,4.16
2015-12-07,0.23
2015-12-06,1.73
2015-12-04,0.38
2015-12-03,0.09
2015-12-02,-0.5
2015-12-01,-4.28
2015-11-30,1.92
2015-11-29,4.22
2015-11-28,-1.03
2015-11-27,1.63
2015-11-25,2.88
2015-11-24,-1.17
2015-11-23,-0.2
2015-11-22,-0.59
2015-11-21,1.11
2015-11-20,-1.19
2015-11-19,-3.26
2015-11-18,0.6
2015-11-17,1.12
2015-11-16,4.02
2015-11-15,-4.32
2015-11-14,-0.6
2015-11-13,-0.02
2015-11-09,2.33
2015-11-08,-3.51
2015-11-07,4.13
2015-11-06,-3.37
2015-11-05,-4.54
2015-11-04,1.11
2015-11-01,3.76
2015-10-31,-4.85
2015-10-30,4.3
2015-10-29,3.32
2015-10-28,3.01
2015-10-27,3.34
2015-10-26,-0.94
2015-10-25,1.88
2015-10-24,2.04
2015-10-23,0.91
2015-10-22,2.74
2015-10-21,-0.98
2015-10-20,2.25
2015-10-19,0.82
2015-10-18,-2.93
2015-10-17,2.55
2015-10-16,3.31
2015-10-15,0.84
2015-10-14,1.43
2015-10-13,1.4
2015-10-12,-0.93
2015-10-11,0.94
2015-10-10,0.54
2015-10-09,0.6
2015-10-08,-0.16
2015-10-07,-1.28
2015-10-06,2.49
2015-10-05,0.76
2015-10-04,-0.1
2015-10-03,0.79
2015-10-02,-0.14
2015-10-01,0.47
2015-09-30,-0.33
2015-09-29,-0.9
2015-09-28,2.74
2015-09-27,-0.77
2015-09-26,-0.31
2015-09-25,0.54
2015-09-24,1.68
2015-09-23,-0.05
2015-09-22,1.63
2015-09-21,-2.06
2015-09-20,0.0
2015-09-19,-0.47
2015-09-18,-0.22
2015-09-17,1.8
2015-09-16,-0.41
2015-09-15,-0.17
2015-09-14,-0.12
2015-09-13,-2.3
2015-09-12,-1.79
2015-09-11,0.76
2015-09-10,0.28
2015-09-09,-2.4
2015-09-08,1.53
2015-09-07,-0.12
2015-09-06,2.65
2015-09-05,1.49
2015-09-04,1.79
2015-09-03,-1.06
2015-09-02,0.64
2015-09-01,-1.0
2015-08-31,0.47
2015-08-30,-0.04
2015-08-29,-1.36
2015-08-28,4.0
2015-08-27,-1.0
2015-08-26,2.02
2015-08-25,4.29
2015-08-23,-1.22
2015-08-22,-1.23
2015-08-21,-0.96
2015-08-20,3.83
2015-08-18,-4.05
2015-08-17,0.0
2015-08-16,-1.31
2015-08-15,-1.7
2015-08-14,0.6
2015-08-13,-1.58
2015-08-12,-0.51
2015-08-11,2.18
2015-08-10,-0.22
2015-08-09,2.04
2015-08-07,-0.04
2015-08-06,-1.32
2015-08-05,-0.91
2015-08-04,0.97
2015-08-03,0.08
2015-08-02,0.32
2015-08-01,-1.15
2015-07-31,-1.15
2015-07-30,-0.47
2015-07-29,-1.81
2015-07-28,0.24
2015-07-27,0.42
2015-07-26,1.05
2015-07-25,0.13
2015-07-24,4.66
2015-07-23,-0.34
2015-07-22,0.5
2015-07-21,-0.93
2015-07-20,1.65
2015-07-19,-0.32
2015-07-18,-1.99
2015-07-17,1.1
2015-07-16,-2.41
2015-07-15,-1.23
2015-07-14,-1.17
2015-07-11,2.94
2015-07-10,5.38
2015-07-09,0.19
2015-07-08,0.91
2015-07-07,-1.07
2015-07-06,-0.39
2015-07-05,3.68
2015-07-04,2.02
2015-07-03,0.2
2015-07-02,-1.06
2015-07-01,-2.46
2015-06-30,2.78
2015-06-29,3.25
2015-06-28,-0.74
2015-06-27,3.2
2015-06-26,0.16
2015-06-25,0.83
2015-06-24,-1.31
2015-06-23,-1.5
2015-06-22,1.38
2015-06-21,-0.36
2015-06-20,0.35
2015-06-19,-1.73
2015-06-18,0.43
2015-06-17,-0.98
2015-06-16,5.41
2015-06-15,1.39
2015-06-14,0.55
2015-06-13,0.88
2015-06-12,0.25
2015-06-11,0.48
2015-06-10,-0.34
2015-06-09,0.43
2015-06-08,2.28
2015-06-07,-0.57
2015-06-06,-0.24
2015-06-05,0.48
2015-06-04,-0.61
2015-06-03,-0.07
2015-06-02,1.17
2015-06-01,-2.92
2015-05-31,-1.45
2015-05-30,-1.61
2015-05-29,-0.12
2015-05-28,0.0
2015-05-27,-0.23
2015-05-26,0.18
2015-05-25,-1.48
2015-05-24,0.85
2015-05-23,-0.59
2015-05-22,2.12
2015-05-21,0.61
2015-05-20,0.84
2015-05-19,-0.27
2015-05-18,-1.55
2015-05-17,0.03
2015-05-16,-0.41
2015-05-15,0.13
2015-05-14,0.22
2015-05-13,-2.15
2015-05-12,-0.1
2015-05-11,0.77
2015-05-10,-0.6
2015-05-09,-0.96
2015-05-08,2.53
2015-05-07,3.35
2015-05-06,-2.46
2015-05-05,-1.32
2015-05-04,-0.43
2015-05-03,1.98
2015-05-02,0.91
2015-05-01,-1.09
2015-04-30,4.59
2015-04-29,-0.17
2015-04-28,-1.38
2015-04-27,4.69
2015-04-26,-3.29
2015-04-25,-2.14
2015-04-24,-1.83
2015-04-23,0.69
2015-04-22,0.02
2015-04-21,4.23
2015-04-20,0.55
2015-04-19,-0.15
2015-04-18,0.34
2015-04-17,-2.36
2015-04-16,2.25
2015-04-15,2.28
2015-04-14,-2.5
2015-04-13,-5.2
2015-04-12,-0.27
2015-04-11,0.75
2015-04-10,-3.53
2015-04-09,-0.51
2015-04-08,-3.32
2015-04-07,-0.78
2015-04-06,-1.8
2015-04-05,2.67
2015-04-04,-0.62
2015-04-03,0.74
2015-04-02,2.58
2015-04-01,0.86
2015-03-31,-1.07
2015-03-30,1.95
2015-03-29,-3.94
2015-03-28,1.95
2015-03-27,-0.33
2015-03-26,0.67
2015-03-25,-0.14
2015-03-23,-1.16
2015-03-22,3.41
2015-03-21,-0.79
2015-03-20,0.33
2015-03-19,1.96
2015-03-17,-1.73
2015-03-16,1.94
2015-03-15,1.16
2015-03-14,-1.95
2015-03-13,-2.26
2015-03-12,-0.59
2015-03-11,1.45
2015-03-10,0.47
2015-03-09,5.66
2015-03-08,-0.15
2015-03-07,0.86
2015-03-06,-0.97
2015-03-05,1.22
2015-03-04,-3.11
2015-03-03,2.52
2015-03-02,6.13
2015-03-01,1.53
2015-02-28,0.23
2015-02-26,-0.34
2015-02-25,-0.65
2015-02-24,0.03
2015-02-23,1.31
2015-02-22,-3.55
2015-02-21,-0.04
2015-02-20,1.07
2015-02-19,2.86
2015-02-18,-3.29
2015-02-17,3.13
2015-02-16,1.1
2015-02-12,1.35
2015-02-11,-0.38
2015-02-10,-0.3
2015-02-09,-1.49
2015-02-08,-1.76
2015-02-07,2.12
2015-02-06,2.97
2015-02-05,-4.44
2015-02-04,-0.36
2015-02-03,-4.79
2015-02-02,6.02
2015-02-01,3.1
2015-01-30,-0.92
2015-01-29,-0.92
2015-01-27,-2.2
2015-01-25,1.58
2015-01-23,-0.23
2015-01-22,1.99
2015-01-20,-2.46
2015-01-19,2.49
2015-01-18,5.49
2015-01-17,-3.51
2015-01-16,-1.36
2015-01-12,1.72
2015-01-11,-3.14
2015-01-10,-5.08
2015-01-09,1.87
2015-01-08,-2.97
2015-01-07,3.21
2015-01-06,2.7
2015-01-05,3.82
2015-01-02,0.1
2015-01-01,-1.05
2014-12-31,2.24
2014-12-30,-0.91
2014-12-29,-0.76
2014-12-28,0.38
2014-12-27,-4.44
2014-12-26,3.45
2014-12-25,-1.06
2014-12-24,-3.83
2014-12-23,1.33
2014-12-22,2.54
2014-12-21,-2.34
2014-12-20,3.96
2014-12-19,2.4
2014-12-18,-3.02
2014-12-17,-3.09
2014-12-16,-4.39
2014-12-15,-1.14
2014-12-14,0.32
2014-12-13,-1.46
2014-12-12,1.65
2014-12-11,-0.07
2014-12-10,-1.21
2014-12-09,-3.5
2014-12-08,-3.06
2014-12-07,0.06
2014-12-06,-0.36
2014-12-05,2.11
2014-12-04,-1.89
2014-12-03,-0.97
2014-12-02,0.54
2014-12-01,0.98
2014-11-30,-0.36
2014-11-29,-0.35
2014-11-28,2.38
2014-11-27,0.95
2014-11-26,-2.94
2014-11-25,-0.64
2014-11-24,3.55
2014-11-23,3.93
2014-11-22,0.07
2014-11-21,-1.55
2014-11-19,0.6
2014-11-18,-1.44
2014-11-17,-0.24
2014-11-16,2.87
2014-11-15,-5.46
2014-11-13,-0.77
2014-11-11,-0.47
2014-11-10,1.41
2014-11-09,5.39
2014-11-08,0.49
2014-11-07,-1.67
2014-11-06,2.86
2014-11-05,3.06
2014-11-04,1.15
2014-11-03,0.52
2014-11-02,-0.88
2014-11-01,-3.68
2014-10-31,-2.03
2014-10-30,2.91
2014-10-29,-4.54
2014-10-28,0.28
2014-10-27,0.41
2014-10-26,0.56
2014-10-25,-2.36
2014-10-24,-0.19
2014-10-22,-0.89
2014-10-21,0.52
2014-10-20,-1.78
2014-10-19,-0.92
2014-10-18,2.73
2014-10-17,0.19
2014-10-16,-3.41
2014-10-15,-0.99
2014-10-14,2.53
2014-10-13,3.79
2014-10-12,3.31
2014-10-11,-0.14
2014-10-10,0.22
2014-10-09,2.86
2014-10-08,5.8
2014-10-07,0.03
2014-10-06,2.69
2014-10-05,-3.72
2014-10-03,-3.12
2014-10-02,-2.01
2014-10-01,-1.37
2014-09-30,3.03
2014-09-29,-0.61
2014-09-28,-5.0
2014-09-27,-1.35
2014-09-26,-1.9
2014-09-25,-2.71
2014-09-24,-3.0
2014-09-22,0.62
2014-09-21,-2.41
2014-09-20,3.49
2014-09-17,-1.21
2014-09-16,-2.29
2014-09-15,0.0
2014-09-14,-0.09
2014-09-13,0.09
2014-09-12,-0.16
2014-09-11,-0.25
2014-09-10,1.01
2014-09-09,-0.17
2014-09-08,-2.07
2014-09-07,0.26
2014-09-06,0.17
2014-09-05,-1.49
2014-09-04,2.28
2014-09-03,0.23
2014-09-02,0.37
2014-09-01,-0.95
2014-08-31,-4.78
2014-08-30,-1.29
2014-08-29,0.35
2014-08-28,-0.87
2014-08-27,0.52
2014-08-26,1.91
2014-08-25,-1.33
2014-08-24,2.42
2014-08-23,-3.57
2014-08-22,-0.36
2014-08-21,0.22
2014-08-19,4.96
2014-08-18,-4.8
2014-08-16,5.15
2014-08-15,-1.65
2014-08-13,-4.5
2014-08-12,-1.43
2014-08-11,-2.73
2014-08-10,0.43
2014-08-09,-1.06
2014-08-08,0.51
2014-08-07,0.51
2014-08-06,0.17
2014-08-05,-0.68
2014-08-04,0.65
2014-08-03,-0.47
2014-08-02,-1.18
2014-08-01,1.57
2014-07-31,4.41
2014-07-30,-3.61
2014-07-29,-0.37
2014-07-28,-1.19
2014-07-27,-0.16
2014-07-26,-0.75
2014-07-25,-0.23
2014-07-24,-3.19
2014-07-23,-0.13
2014-07-22,-0.42
2014-07-21,0.67
2014-07-20,-0.97
2014-07-19,-0.07
2014-07-18,0.14
2014-07-17,1.92
2014-07-16,-0.77
2014-07-15,0.21
2014-07-14,-1.55
2014-07-13,-1.24
2014-07-12,0.47
2014-07-11,2.35
2014-07-10,-0.74
2014-07-09,1.25
2014-07-08,0.28
2014-07-07,-2.08
2014-07-06,0.59
2014-07-05,-0.16
2014-07-04,-2.21
2014-07-03,-1.19
2014-07-02,0.39
2014-07-01,1.27
2014-06-30,5.67
2014-06-29,0.59
2014-06-28,-0.78
2014-06-27,3.35
2014-06-26,2.51
2014-06-25,-3.45
2014-06-24,-0.41
2014-06-23,-2.06
2014-06-22,1.1
2014-06-21,1.06
2014-06-20,-1.57
2014-06-19,-1.0
2014-06-18,0.19
2014-06-17,1.0
2014-06-16,2.88
2014-06-15,-0.19
2014-06-14,-4.41
2014-06-13,2.21
2014-06-11,-1.93
2014-06-10,1.75
2014-06-09,-1.03
2014-06-08,-0.1
2014-06-07,0.19
2014-06-06,-1.48
2014-06-05,3.33
2014-06-04,-4.56
2014-06-03,2.13
2014-06-02,0.88
2014-06-01,3.48
2014-05-31,2.54
2014-05-29,-1.12
2014-05-28,0.13
2014-05-27,-2.05
2014-05-26,2.03
2014-05-24,0.46
2014-05-23,0.53
2014-05-22,5.43
2014-05-21,0.88
2014-05-19,-1.39
2014-05-18,-0.59
2014-05-17,-0.19
2014-05-16,1.23
2014-05-15,1.24
2014-05-14,2.01
2014-05-13,-0.98
2014-05-12,1.15
2014-05-11,-4.13
2014-05-10,1.45
2014-05-09,0.98
2014-05-08,-1.22
2014-05-07,3.32
2014-05-06,0.31
2014-05-05,-1.19
2014-05-04,-0.59
2014-05-03,-3.31
2014-05-02,-1.4
2014-05-01,3.25
2014-04-30,-0.11
2014-04-29,0.95
2014-04-28,-0.28
2014-04-27,-3.21
2014-04-26,-1.43
2014-04-24,2.67
2014-04-23,-0.13
2014-04-22,-1.46
2014-04-21,-0.67
2014-04-20,-1.48
2014-04-19,4.22
2014-04-18,-3.28
2014-04-16,2.0
2014-04-13,-2.3
2014-04-12,0.58
2014-04-09,-1.98
2014-04-08,0.9
2014-04-07,1.47
2014-04-06,-0.21
2014-04-05,2.76
2014-04-04,1.85
2014-04-03,2.81
2014-04-01,4.23
2014-03-31,-0.51
2014-03-29,-1.14
2014-03-28,4.81
2014-03-26,-0.08
2014-03-25,-0.82
2014-03-24,2.98
2014-03-23,-2.34
2014-03-22,2.68
2014-03-21,-2.9
2014-03-20,-4.87
2014-03-19,-0.66
2014-03-18,-1.23
2014-03-17,-2.06
2014-03-16,-0.78
2014-03-15,1.63
2014-03-14,-1.76
2014-03-13,0.91
2014-03-12,1.76
2014-03-11,-0.7
2014-03-10,-2.25
2014-03-09,2.93
2014-03-08,-1.22
2014-03-07,-4.86
2014-03-06,-1.53
2014-03-05,-0.54
2014-03-04,-0.05
2014-03-02,-2.3
2014-03-01,-2.88
2014-02-28,-3.78
2014-02-27,0.56
2014-02-21,-0.32
2014-02-14,-5.26
2014-02-11,-0.63
2014-02-09,1.66
2014-02-05,-2.39
2014-02-04,-0.54
2014-02-03,-2.27
2014-02-02,1.37
2014-02-01,0.17
2014-01-31,-0.27
2014-01-30,1.7
2014-01-29,-0.75
2014-01-28,-1.15
2014-01-26,4.78
2014-01-25,4.86
2014-01-24,-2.92
2014-01-23,-0.71
2014-01-22,-1.17
2014-01-21,0.65
2014-01-20,0.12
2014-01-19,5.42
2014-01-18,1.29
2014-01-17,-2.12
2014-01-16,-2.95
2014-01-15,2.39
2014-01-14,-0.39
2014-01-13,-1.8
2014-01-11,4.97
2014-01-10,2.22
2014-01-09,-0.2
2014-01-06,-0.21
2014-01-04,4.57
2014-01-03,3.19
2014-01-02,5.02
2014-01-01,1.24
2013-12-31,0.14
2013-12-30,2.53
2013-12-29,3.01
2013-12-28,-5.11
2013-12-27,0.13
2013-12-25,0.64
2013-12-24,-1.47
2013-12-22,-0.15
2013-12-21,-1.46
2013-12-15,1.2
2013-12-14,-2.97
2013-12-13,4.09
2013-12-12,-2.17
2013-12-03,5.32
2013-11-30,-0.11
2013-11-28,1.99
2013-11-25,4.4
2013-11-24,-4.5
2013-11-23,3.8
2013-11-22,4.85
2013-11-20,-1.2
2013-11-15,0.12
2013-11-14,-0.33
2013-11-12,4.7
2013-11-09,3.6
2013-11-06,5.09
2013-11-05,5.52
2013-11-03,5.82
2013-11-02,-0.82
2013-11-01,1.07
2013-10-31,1.52
2013-10-30,-3.7
2013-10-29,4.4
2013-10-28,0.0
2013-10-26,-4.71
2013-10-25,-4.4
2013-10-22,5.3
2013-10-21,3.59
2013-10-20,1.61
2013-10-17,3.12
2013-10-16,-3.33
2013-10-15,4.44
2013-10-14,2.6
2013-10-13,3.25
2013-10-12,1.99
2013-10-11,-0.22
2013-10-10,0.65
2013-10-09,2.21
2013-10-08,0.51
2013-10-07,-1.45
2013-10-06,0.8
2013-10-05,-0.09
2013-10-04,4.45
2013-10-01,-1.13
2013-09-30,-1.38
2013-09-29,0.97
2013-09-28,2.57
2013-09-27,1.33
2013-09-26,1.56
2013-09-25,0.16
2013-09-24,1.03
2013-09-23,-0.45
2013-09-22,-0.28
2013-09-21,0.43
2013-09-20,-0.92
2013-09-19,-3.82
2013-09-18,0.91
2013-09-17,-0.19
2013-09-16,0.81
2013-09-15,1.16
2013-09-14,-2.81
2013-09-13,0.94
2013-09-12,-1.94
2013-09-10,-0.36
2013-09-09,5.37
2013-09-08,-2.07
2013-09-07,5.82
2013-09-05,-1.74
2013-09-03,0.0
2013-09-02,-1.38
2013-09-01,3.55
2013-08-31,2.15
2013-08-29,0.42
2013-08-28,-1.93
2013-08-26,-1.67
2013-08-25,2.1
2013-08-24,0.92
2013-08-23,-2.86
2013-08-22,-1.05
2013-08-21,1.73
2013-08-20,2.28
2013-08-19,4.52
2013-08-18,0.56
2013-08-17,3.45
2013-08-16,-0.91
2013-08-15,-2.28
2013-08-14,2.7
2013-08-13,2.61
2013-08-12,1.72
2013-08-11,1.94
2013-08-10,0.19
2013-08-09,-0.24
2013-08-08,-2.77
2013-08-07,-0.53
2013-08-06,-0.15
2013-08-05,1.52
2013-08-04,0.16
2013-08-03,0.43
2013-08-02,0.48
2013-08-01,-2.08
2013-07-31,-1.62
2013-07-29,2.73
2013-07-28,4.64
2013-07-27,-1.69
2013-07-26,-0.96
2013-07-25,1.96
2013-07-24,-0.49
2013-07-23,4.32
2013-07-22,-0.43
2013-07-21,2.43
2013-07-20,-2.37
2013-07-19,2.14
2013-07-17,1.44
2013-07-16,-1.81
2013-07-15,4.73
2013-07-14,-3.97
2013-07-13,4.61
2013-07-12,5.63
2013-07-11,1.11
2013-07-09,0.92
2013-07-08,-0.65
2013-07-06,1.69
2013-07-04,1.46
2013-07-02,2.68
2013-06-30,2.64
2013-06-29,0.36
2013-06-27,-2.17
2013-06-26,0.65
2013-06-25,1.21
2013-06-24,-5.38
2013-06-23,-0.28
2013-06-22,-1.19
2013-06-21,-1.61
2013-06-20,2.81
2013-06-19,0.84
2013-06-18,5.3
2013-06-17,2.05
2013-06-16,0.1
2013-06-15,-0.2
2013-06-14,-3.8
2013-06-13,-4.44
2013-06-12,-0.2
2013-06-11,2.49
2013-06-10,5.88
2013-06-08,-2.8
2013-06-06,-2.4
2013-06-05,0.41
2013-06-04,0.55
2013-06-03,-1.44
2013-06-02,-5.26
2013-06-01,0.37
2013-05-31,0.0
2013-05-30,-2.61
2013-05-29,2.52
2013-05-28,-0.59
2013-05-27,-2.79
2013-05-26,1.14
2013-05-25,-0.83
2013-05-24,5.38
2013-05-23,2.02
2013-05-22,0.74
2013-05-21,0.71
2013-05-20,-0.39
2013-05-19,-0.58
2013-05-18,-0.23
2013-05-17,4.48
2013-05-16,3.49
2013-05-15,2.53
2013-05-13,2.75
2013-05-12,-0.71
2013-05-11,-1.75
2013-05-10,4.34
2013-05-09,-0.35
2013-05-08,3.28
2013-05-07,-2.36
2013-05-06,-3.22
2013-05-05,2.73
2013-04-30,-3.31
2013-04-28,5.03
2013-04-26,-3.39
2013-04-14,-3.23
2013-04-06,0.22
2013-04-04,-2.13
2013-03-31,0.91
2013-03-30,1.87
2013-03-29,5.01
2013-03-28,-3.08
2013-03-25,2.94
2013-03-22,-1.38
2013-03-17,0.85
2013-03-16,0.0
2013-03-15,-0.47
2013-03-14,0.53
2013-03-13,5.94
2013-03-11,5.22
2013-03-10,-1.81
2013-03-09,6.04
2013-03-08,5.19
2013-03-07,2.39
2013-03-06,1.71
2013-03-04,4.78
2013-03-03,0.73
2013-03-02,-0.72
2013-03-01,3.36
2013-02-27,-0.64
2013-02-26,2.3
2013-02-25,1.71
2013-02-24,0.3
2013-02-23,-1.49
2013-02-22,1.68
2013-02-21,0.34
2013-02-20,0.78
2013-02-18,0.52
2013-02-17,-1.51
2013-02-16,0.44
2013-02-15,-0.44
2013-02-13,-3.85
2013-02-12,2.11
2013-02-11,2.84
2013-02-10,1.35
2013-02-09,4.37
2013-02-08,2.3
2013-02-07,4.58
2013-02-06,2.82
2013-02-05,0.83
2013-02-04,-0.78
2013-02-03,4.89
2013-02-02,-4.24
2013-02-01,0.44
2013-01-31,3.6
2013-01-30,0.87
2013-01-29,4.33
2013-01-28,5.05
2013-01-27,-0.34
2013-01-26,2.76
2013-01-25,2.96
2013-01-24,-3.43
2013-01-23,1.39
2013-01-22,2.74
2013-01-20,0.51
2013-01-19,-0.51
2013-01-18,1.29
2013-01-17,5.23
2013-01-16,3.37
2013-01-15,-0.35
2013-01-14,1.27
2013-01-13,-0.84
2013-01-12,0.71
2013-01-11,0.0
2013-01-10,2.69
2013-01-09,0.0
2013-01-08,1.1
2013-01-07,1.04
2013-01-06,0.0
2013-01-05,-0.44
2013-01-04,0.75
2013-01-03,0.9
2013-01-02,0.0
2013-01-01,-1.55
2012-12-31,0.45
2012-12-30,0.37
2012-12-29,0.0
2012-12-28,0.0
2012-12-27,-0.37
2012-12-26,0.9
2012-12-25,0.0
2012-12-24,0.53
2012-12-23,-0.45
2012-12-22,-0.96
2012-12-21,0.0
2012-12-20,-0.59
2012-12-19,2.26
2012-12-18,0.38
2012-12-17,-0.38
2012-12-16,-1.41
2012-12-15,-0.81
2012-12-14,-0.73
2012-12-13,0.0
2012-12-12,1.03
2012-12-11,0.97
2012-12-10,0.0
2012-12-09,0.0
2012-12-08,-0.59
2012-12-07,1.5
2012-12-06,-0.6
2012-12-05,0.0
2012-12-04,5.76
2012-12-03,1.44
2012-12-02,-0.48
2012-12-01,0.0
2012-11-30,0.96
2012-11-29,0.81
2012-11-28,1.23
2012-11-27,-0.41
2012-11-26,-1.84
2012-11-25,0.56
2012-11-24,0.49
2012-11-23,-0.56
2012-11-22,5.52
2012-11-21,0.0
2012-11-20,-0.59
2012-11-19,1.29
2012-11-18,-1.19
2012-11-17,0.0
2012-11-16,4.91
2012-11-15,2.28
2012-11-14,0.0
2012-11-13,-0.54
2012-11-12,1.29
2012-11-11,0.0
2012-11-10,0.65
2012-11-09,-1.01
2012-11-08,0.0
2012-11-07,0.0
2012-11-06,1.4
2012-11-05,-0.46
2012-11-04,1.5
2012-11-03,1.62
2012-11-02,-0.95
2012-10-31,2.85
2012-10-30,2.74
2012-10-29,-0.93
2012-10-28,4.29
2012-10-27,0.88
2012-10-24,0.0
2012-10-23,-0.51
2012-10-22,0.69
2012-10-21,-0.94
2012-10-20,0.0
2012-10-19,-1.68
2012-10-18,1.1
2012-10-17,0.0
2012-10-16,0.0
2012-10-15,0.85
2012-10-14,-1.01
2012-10-13,-1.17
2012-10-12,0.0
2012-10-11,-0.74
2012-10-10,1.85
2012-10-09,1.02
2012-10-08,0.0
2012-10-06,-1.42
2012-10-05,-1.25
2012-10-04,0.0
2012-10-03,0.39
2012-10-02,3.55
2012-10-01,0.0
2012-09-30,0.0
2012-09-29,0.0
2012-09-28,0.65
2012-09-27,0.0
2012-09-26,0.57
2012-09-25,0.83
2012-09-24,-0.74
2012-09-23,-0.41
2012-09-22,-1.05
2012-09-21,0.73
2012-09-20,-2.31
2012-09-19,2.61
2012-09-18,3.03
2012-09-17,0.0
2012-09-16,1.02
2012-09-15,0.69
2012-09-14,2.37
2012-09-13,0.0
2012-09-12,0.0
2012-09-11,1.43
2012-09-10,1.36
2012-09-09,0.0
2012-09-08,0.0
2012-09-07,-1.61
2012-09-06,1.64
2012-09-05,5.97
2012-09-04,-1.42
2012-09-03,3.24
2012-09-02,2.31
2012-09-01,-1.87
2012-08-30,-1.28
2012-08-29,0.0
2012-08-28,0.0
2012-08-27,3.2
2012-08-26,0.86
2012-08-25,-0.75
2012-08-24,4.95
2012-08-23,2.96
2012-08-22,-1.11
2012-08-21,-1.78
2012-08-18,0.0
2012-08-16,1.89
2012-08-14,1.25
2012-08-13,3.61
2012-08-12,0.96
2012-08-11,1.05
2012-08-10,2.98
2012-08-09,0.0
2012-08-08,0.0
2012-08-07,2.21
2012-08-06,0.0
2012-08-05,-1.0
2012-08-04,0.0
2012-08-03,4.18
2012-08-01,2.14
2012-07-31,2.75
2012-07-30,4.48
2012-07-29,-2.02
2012-07-28,0.0
2012-07-27,0.0
2012-07-26,1.14
2012-07-25,2.33
2012-07-24,1.78
2012-07-23,0.0
2012-07-22,-4.97
2012-07-21,3.87
2012-07-20,-3.95
2012-07-19,-2.63
2012-07-18,3.52
2012-07-17,3.53
2012-07-15,1.06
2012-07-14,-1.69
2012-07-13,-1.16
2012-07-11,0.0
2012-07-10,2.56
2012-07-09,3.24
2012-07-08,0.0
2012-07-07,1.65
2012-07-06,0.0
2012-07-05,2.46
2012-07-04,0.93
2012-07-03,-4.59
2012-07-02,1.96
2012-07-01,-0.9
2012-06-30,0.0
2012-06-29,0.0
2012-06-28,0.0
2012-06-27,3.58
2012-06-26,1.9
2012-06-25,0.0
2012-06-24,-1.24
2012-06-23,-1.83
2012-06-22,-1.95
2012-06-21,0.0
2012-06-20,2.62
2012-06-19,3.01
2012-06-18,2.44
2012-06-17,-3.75
2012-06-16,-1.54
2012-06-14,0.0
2012-06-13,4.04
2012-06-12,2.33
2012-06-11,1.83
2012-06-10,-1.62
2012-06-09,-1.24
2012-06-08,0.0
2012-06-07,2.38
2012-06-06,0.0
2012-06-05,3.23
2012-06-04,1.15
2012-06-03,0.0
2012-06-02,0.0
2012-06-01,1.74
2012-05-31,0.0
2012-05-30,0.0
2012-05-29,0.0
2012-05-28,0.0
2012-05-27,0.0
2012-05-26,-0.97
2012-05-25,0.0
2012-05-24,0.0
2012-05-23,0.0
2012-05-22,0.0
2012-05-21,0.0
2012-05-20,0.0
2012-05-19,0.0
2012-05-18,0.0
2012-05-17,0.0
2012-05-16,0.99
2012-05-15,0.0
2012-05-14,1.62
2012-05-13,0.0
2012-05-12,0.0
2012-05-11,2.27
2012-05-10,-3.77
2012-05-09,0.0
2012-05-08,0.0
2012-05-07,0.0
2012-05-06,0.0
2012-05-05,0.0
2012-05-04,-1.17
2012-05-03,1.18
2012-05-02,1.4
2012-05-01,1.01
2012-04-30,0.0
2012-04-29,-1.61
2012-04-28,-2.54
2012-04-27,0.0
2012-04-26,0.0
2012-04-25,0.0
2012-04-24,2.82
2012-04-23,-4.62
2012-04-22,-1.14
2012-04-21,-1.68
2012-04-20,4.09
2012-04-19,0.0
2012-04-18,2.81
2012-04-17,1.01
2012-04-16,0.0
2012-04-15,0.0
2012-04-14,0.0
2012-04-13,0.0
2012-04-12,0.0
2012-04-11,1.86
2012-04-10,0.0
2012-04-09,1.67
2012-04-08,2.13
2012-04-07,-5.25
2012-04-06,0.0
2012-04-05,0.0
2012-04-04,0.0
2012-04-03,0.0
2012-04-02,2.9
2012-04-01,-1.63
2012-03-31,0.0
2012-03-30,1.04
2012-03-29,0.0
2012-03-28,0.0
2012-03-27,4.11
2012-03-26,1.54
2012-03-25,-2.78
2012-03-24,0.0
2012-03-23,0.0
2012-03-22,-2.29
2012-03-21,0.0
2012-03-20,3.2
2012-03-18,1.15
2012-03-17,-2.25
2012-03-16,0.0
2012-03-15,-0.93
2012-03-14,2.09
2012-03-12,0.0
2012-03-11,1.66
2012-03-10,0.0
2012-03-09,-1.42
2012-03-08,0.0
2012-03-07,0.0
2012-03-06,0.0
2012-03-05,3.32
2012-03-04,4.56
2012-03-03,-1.91
2012-03-02,-4.47
2012-03-01,1.23
2012-02-29,0.0
2012-02-28,-1.81
2012-02-27,0.0
2012-02-26,3.14
2012-02-25,-5.17
2012-02-24,0.0
2012-02-22,3.51
2012-02-21,-2.06
2012-02-20,0.0
2012-02-19,4.03
2012-02-18,-4.31
2012-02-17,3.28
2012-02-16,-1.39
2012-02-15,-2.91
2012-02-13,-4.54
2012-02-12,-1.61
2012-02-11,-5.25
2012-02-10,1.37
2012-02-09,4.11
2012-02-08,-1.58
2012-02-07,4.4
2012-02-06,-4.22
2012-02-05,-3.07
2012-02-04,-1.51
2012-02-03,-2.3
2012-02-02,0.0
2012-01-31,0.0
2012-01-30,2.04
2012-01-29,-4.44
2012-01-27,-0.94
2012-01-24,-1.1
2012-01-23,0.79
2012-01-22,2.1
2012-01-21,-4.78
2012-01-20,2.04
2012-01-18,5.71
2012-01-16,-4.57
2012-01-15,3.7
2012-01-14,5.3
2012-01-12,-1.45
2012-01-10,0.0
2012-01-08,4.41
2012-01-07,1.64
2012-01-06,-3.6
2012-01-02,-0.95
2011-12-30,1.92
2011-12-29,0.0
2011-12-28,2.95
2011-12-27,1.24
2011-12-26,-4.74
2011-12-24,0.0
2011-12-23,1.54
2011-12-22,0.0
2011-12-21,-1.52
2011-12-18,0.0
2011-12-17,0.0
2011-12-16,0.0
2011-12-15,0.0
2011-12-14,-3.08
2011-12-13,3.5
2011-12-12,-3.38
2011-12-10,2.69
2011-12-09,0.0
2011-12-08,0.0
2011-12-07,0.0
2011-12-06,5.21
2011-12-05,1.77
2011-12-04,0.0
2011-12-02,1.96
2011-12-01,3.03
2011-11-28,2.82
2011-11-27,0.0
2011-11-26,0.0
2011-11-25,3.29
2011-11-24,4.29
2011-11-23,0.0
2011-11-22,0.0
2011-11-21,4.09
2011-11-20,0.0
2011-11-15,4.95
2011-11-13,0.0
2011-11-12,0.0
2011-11-10,-3.73
2011-11-09,-2.96
2011-11-08,0.0
2011-11-07,0.0
2011-11-06,0.0
2011-11-05,-4.5
2011-11-04,0.0
2011-11-03,-3.08
2011-11-02,3.17
2011-11-01,-3.08
2011-10-31,0.0
2011-10-28,4.93
2011-10-26,0.0
2011-10-23,0.0
2011-10-20,3.52
2011-10-18,-5.47
2011-10-15,-3.76
2011-10-14,-1.48
2011-10-13,-2.41
2011-10-12,5.6
2011-10-11,-4.15
2011-10-10,0.0
2011-10-09,2.24
2011-10-06,-2.87
2011-10-05,-1.81
2011-10-04,-1.2
2011-10-03,0.0
2011-10-02,0.0
2011-10-01,-2.14
2011-09-29,0.0
2011-09-28,-3.05
2011-09-27,1.03
2011-09-25,-2.56
2011-09-24,-1.44
2011-09-23,2.21
2011-09-22,-3.21
2011-09-19,5.0
2011-09-17,-1.04
2011-09-16,0.0
2011-09-14,-3.1
2011-09-13,-4.61
2011-09-12,3.75
2011-09-10,-5.17
2011-09-07,4.81
2011-09-04,-3.54
2011-09-03,-1.85
2011-09-02,5.24
2011-09-01,0.0
2011-08-30,-2.01
2011-08-29,-1.1
2011-08-28,5.59
2011-08-27,5.01
2011-08-24,-0.82
2011-08-23,0.0
2011-08-22,-3.63
2011-08-21,-1.22
2011-08-20,-1.72
2011-08-18,-1.1
2011-08-17,0.0
2011-08-16,-1.7
2011-08-15,3.24
2011-08-12,0.0
2011-08-11,-5.21
2011-08-10,0.0
2011-08-08,-1.27
2011-08-01,-1.95
2011-07-31,-1.33
2011-07-30,0.0
2011-07-29,0.0
2011-07-28,-3.23
2011-07-27,0.43
2011-07-26,-1.21
2011-07-25,0.5
2011-07-24,2.19
2011-07-23,0.0
2011-07-22,0.66
2011-07-21,-0.58
2011-07-20,-1.16
2011-07-19,2.74
2011-07-18,2.43
2011-07-17,-4.08
2011-07-16,-0.65
2011-07-15,-1.29
2011-07-14,0.0
2011-07-13,-0.43
2011-07-12,-1.41
2011-07-11,-4.63
2011-07-10,3.62
2011-07-09,0.49
2011-07-08,-3.18
2011-07-07,0.0
2011-07-03,0.0
2011-07-02,0.0
2011-07-01,-4.35
2011-06-30,-4.45
2011-06-29,-0.59
2011-06-28,1.19
2011-06-27,1.82
2011-06-25,0.0
2011-06-24,0.0
2011-06-23,0.0
2011-06-22,0.0
2011-06-21,0.0
2011-06-20,0.0
2011-06-19,3.67
2011-06-15,1.09
2011-06-14,-2.82
2011-06-09,-2.3
2011-05-31,-0.68
2011-05-30,4.39
2011-05-29,1.57
2011-05-28,-2.35
2011-05-27,-3.41
2011-05-26,4.76
2011-05-24,3.78
2011-05-19,-1.02
2011-05-18,-4.31
2011-05-15,-2.92
2011-05-11,-5.34
2011-05-09,-1.81
2011-05-07,5.51
2011-05-06,3.6
2011-05-05,-2.35
2011-05-04,0.0
2011-05-02,5.61
2011-04-27,6.15
2011-04-25,-4.29
2011-04-24,-4.12
2011-04-21,6.14
2011-04-20,-5.0
2011-04-19,0.0
2011-04-18,0.0
2011-04-17,5.71
2011-04-16,6.07
2011-04-15,0.0
2011-04-11,0.0
2011-04-10,0.0
2011-04-09,0.0
2011-04-08,0.0
2011-04-07,0.0
2011-04-06,0.0
2011-04-05,0.0
2011-04-03,0.0
2011-04-02,0.0
2011-04-01,0.0
2011-03-31,0.0
2011-03-30,0.0
2011-03-29,0.0
2011-03-28,0.0
2011-03-27,0.0
2011-03-26,0.0
2011-03-25,0.0
2011-03-24,0.0
2011-03-23,0.0
2011-03-21,0.0
2011-03-20,0.0
2011-03-18,0.0
2011-03-17,0.0
2011-03-16,0.0
2011-03-15,0.0
2011-03-14,0.0
2011-03-13,0.0
2011-03-12,0.0
2011-03-09,0.0
2011-03-08,0.0
2011-03-07,0.0
2011-03-06,0.0
2011-03-05,0.0
2011-03-04,0.0
2011-03-03,0.0
2011-03-02,0.0
2011-02-28,0.0
2011-02-26,0.0
2011-02-23,0.0
2011-02-22,0.0
2011-02-21,0.0
2011-02-19,5.57
2011-02-17,0.0
2011-02-16,0.0
2011-02-15,0.0
2011-02-14,0.0
2011-02-13,0.0
2011-02-12,0.0
2011-02-08,0.0
2011-02-07,0.0
2011-02-06,0.0
2011-02-03,0.0
2011-02-02,0.0
2011-01-31,0.0
2011-01-30,0.0
2011-01-29,0.0
2011-01-28,0.0
2011-01-27,0.0
2011-01-26,0.0
2011-01-25,0.0
2011-01-24,0.0
2011-01-23,0.0
2011-01-22,0.0
2011-01-21,0.0
2011-01-19,0.0
2011-01-18,0.0
2011-01-17,0.0
2011-01-16,0.0
2011-01-15,0.0
2011-01-13,0.0
2011-01-12,0.0
2011-01-11,0.0
2011-01-10,0.0
2011-01-09,0.0
2011-01-08,0.0
2011-01-07,0.0
2011-01-06,0.0
2011-01-05,0.0
2011-01-04,0.0
2011-01-03,0.0
2011-01-02,0.0
2011-01-01,0.0
2010-12-31,0.0
2010-12-30,0.0
2010-12-29,0.0
2010-12-28,0.0
2010-12-27,0.0
2010-12-26,0.0
2010-12-25,0.0
2010-12-24,0.0
2010-12-23,0.0
2010-12-22,0.0
2010-12-21,0.0
2010-12-20,0.0
2010-12-19,0.0
2010-12-18,0.0
2010-12-17,0.0
2010-12-16,0.0
2010-12-15,0.0
2010-12-14,0.0
2010-12-13,0.0
2010-12-12,0.0
2010-12-11,0.0
2010-12-10,0.0
2010-12-09,0.0
2010-12-08,0.0
2010-12-07,0.0
2010-12-06,0.0
2010-12-05,0.0
2010-12-04,0.0
2010-12-03,0.0
2010-12-02,0.0
2010-12-01,0.0
2010-11-30,0.0
2010-11-29,0.0
2010-11-28,0.0
2010-11-27,0.0
2010-11-26,0.0
2010-11-25,0.0
2010-11-24,0.0
2010-11-23,0.0
2010-11-22,0.0
2010-11-21,0.0
2010-11-20,0.0
2010-11-19,0.0
2010-11-18,0.0
2010-11-17,0.0
2010-11-16,0.0
2010-11-15,0.0
2010-11-14,0.0
2010-11-13,0.0
2010-11-12,0.0
2010-11-11,0.0
2010-11-10,0.0
2010-11-09,0.0
2010-11-07,0.0
2010-11-05,0.0
2010-11-04,0.0
2010-11-03,0.0
2010-11-02,0.0
2010-11-01,0.0
2010-10-31,0.0
2010-10-30,0.0
2010-10-29,0.0
2010-10-28,0.0
2010-10-27,0.0
2010-10-26,0.0
2010-10-25,0.0
2010-10-24,0.0
2010-10-23,0.0
2010-10-22,0.0
2010-10-21,0.0
2010-10-20,0.0
2010-10-19,0.0
2010-10-18,0.0
2010-10-17,0.0
2010-10-16,0.0
2010-10-15,0.0
2010-10-14,0.0
2010-10-13,0.0
2010-10-12,0.0
2010-10-11,0.0
2010-10-10,0.0
2010-10-09,0.0
2010-10-08,0.0
2010-10-07,0.0
2010-10-06,0.0
2010-10-05,0.0
2010-10-04,0.0
2010-10-03,0.0
2010-10-02,0.0
2010-10-01,0.0
2010-09-30,0.0
2010-09-29,0.0
2010-09-28,0.0
2010-09-27,0.0
2010-09-26,0.0
2010-09-25,0.0
2010-09-24,0.0
2010-09-23,0.0
2010-09-22,0.0
2010-09-21,0.0
2010-09-20,0.0
2010-09-19,0.0
2010-09-18,0.0
2010-09-17,0.0
2010-09-16,0.0
2010-09-15,0.0
2010-09-14,0.0
2010-09-13,0.0
2010-09-12,0.0
2010-09-11,0.0
2010-09-10,0.0
2010-09-09,0.0
2010-09-08,0.0
2010-09-07,0.0
2010-09-06,0.0
2010-09-05,0.0
2010-09-04,0.0
2010-09-03,0.0
2010-09-02,0.0
2010-09-01,0.0
2010-08-31,0.0
2010-08-30,0.0
2010-08-29,0.0
2010-08-28,0.0
2010-08-27,0.0
2010-08-26,0.0
2010-08-25,0.0
2010-08-24,0.0
2010-08-23,0.0
2010-08-22,0.0
2010-08-21,0.0
2010-08-20,0.0
2010-08-19,0.0
2010-08-18,0.0
2010-08-17,0.0
2010-08-16,0.0
2010-08-15,0.0
2010-08-14,0.0
2010-08-13,0.0
2010-08-12,0.0
2010-08-11,0.0
2010-08-10,0.0
2010-08-09,0.0
2010-08-08,0.0
2010-08-07,0.0
2010-08-06,0.0
2010-08-05,0.0
2010-08-04,0.0
2010-08-03,0.0
2010-08-02,0.0
2010-08-01,0.0
2010-07-31,0.0
2010-07-30,0.0
2010-07-29,0.0
2010-07-28,0.0
2010-07-27,0.0
2010-07-26,0.0
2010-07-25,0.0
2010-07-24,0.0
2010-07-23,0.0
2010-07-22,0.0
2010-07-21,0.0
2010-07-20,0.0
2010-07-19,0.0
2010-07-18,0.0
