,Date,EURvsUSD_Var%
0,2019-10-23,0.07
1,2019-10-22,-0.22
2,2019-10-21,-0.2
3,2019-10-18,0.42
4,2019-10-17,0.47
5,2019-10-16,0.35
6,2019-10-15,0.04
7,2019-10-14,-0.12
8,2019-10-11,0.33
9,2019-10-10,0.32
10,2019-10-09,0.14
11,2019-10-08,-0.14
12,2019-10-07,-0.06
13,2019-10-04,0.11
14,2019-10-03,0.06
15,2019-10-02,0.25
16,2019-10-01,0.29
17,2019-09-30,-0.36
18,2019-09-27,0.16
19,2019-09-26,-0.19
20,2019-09-25,-0.7
21,2019-09-24,0.25
22,2019-09-23,-0.23
23,2019-09-20,-0.21
24,2019-09-19,0.1
25,2019-09-18,-0.39
26,2019-09-17,0.65
27,2019-09-16,-0.66
28,2019-09-13,0.11
29,2019-09-12,0.48
30,2019-09-11,-0.3
31,2019-09-10,-0.05
32,2019-09-09,0.17
33,2019-09-06,-0.05
34,2019-09-05,0.0
35,2019-09-04,0.56
36,2019-09-03,0.05
37,2019-09-02,-0.21
38,2019-08-30,-0.6
39,2019-08-29,-0.19
40,2019-08-28,-0.12
41,2019-08-27,-0.1
42,2019-08-26,-0.38
43,2019-08-23,0.59
44,2019-08-22,-0.05
45,2019-08-21,-0.14
46,2019-08-20,0.2
47,2019-08-19,-0.11
48,2019-08-16,-0.15
49,2019-08-15,-0.29
50,2019-08-14,-0.29
51,2019-08-13,-0.38
52,2019-08-12,0.12
53,2019-08-09,0.18
54,2019-08-08,-0.17
55,2019-08-07,-0.01
56,2019-08-06,-0.02
57,2019-08-05,0.84
58,2019-08-02,0.22
59,2019-08-01,0.08
60,2019-07-31,-0.71
61,2019-07-30,0.1
62,2019-07-29,0.15
63,2019-07-26,-0.18
64,2019-07-25,0.05
65,2019-07-24,-0.11
66,2019-07-23,-0.51
67,2019-07-22,-0.11
68,2019-07-19,-0.49
69,2019-07-18,0.47
70,2019-07-17,0.12
71,2019-07-16,-0.42
72,2019-07-15,-0.12
73,2019-07-12,0.15
74,2019-07-11,0.03
75,2019-07-10,0.38
76,2019-07-09,-0.06
77,2019-07-08,-0.1
78,2019-07-05,-0.52
79,2019-07-04,0.06
80,2019-07-03,-0.06
81,2019-07-02,0.0
82,2019-07-01,-0.75
83,2019-06-28,0.0
84,2019-06-27,0.01
85,2019-06-26,0.02
86,2019-06-25,-0.27
87,2019-06-24,0.26
88,2019-06-21,0.67
89,2019-06-20,0.59
90,2019-06-19,0.29
91,2019-06-18,-0.22
92,2019-06-17,0.08
93,2019-06-14,-0.6
94,2019-06-13,-0.11
95,2019-06-12,-0.38
96,2019-06-11,0.15
97,2019-06-10,-0.16
98,2019-06-07,0.51
99,2019-06-06,0.49
100,2019-06-05,-0.28
101,2019-06-04,0.1
102,2019-06-03,0.64
103,2019-05-31,0.34
104,2019-05-30,0.0
105,2019-05-29,-0.26
106,2019-05-28,-0.35
107,2019-05-27,-0.04
108,2019-05-24,0.21
109,2019-05-23,0.24
110,2019-05-22,-0.06
111,2019-05-21,-0.1
112,2019-05-20,0.12
113,2019-05-17,-0.14
114,2019-05-16,-0.25
115,2019-05-15,-0.02
116,2019-05-14,-0.18
117,2019-05-13,-0.1
118,2019-05-10,0.12
119,2019-05-09,0.27
120,2019-05-08,0.01
121,2019-05-07,-0.08
122,2019-05-06,-0.02
123,2019-05-03,0.21
124,2019-05-02,-0.15
125,2019-05-01,-0.19
126,2019-04-30,0.28
127,2019-04-29,0.33
128,2019-04-26,0.15
129,2019-04-25,-0.2
130,2019-04-24,-0.65
131,2019-04-23,-0.28
132,2019-04-22,0.09
133,2019-04-19,0.15
134,2019-04-18,-0.58
135,2019-04-17,0.14
136,2019-04-16,-0.25
137,2019-04-15,0.06
138,2019-04-12,0.44
139,2019-04-11,-0.19
140,2019-04-10,0.1
141,2019-04-09,0.02
142,2019-04-08,0.4
143,2019-04-05,-0.04
144,2019-04-04,-0.12
145,2019-04-03,0.28
146,2019-04-02,-0.08
147,2019-04-01,-0.04
148,2019-03-29,-0.04
149,2019-03-28,-0.22
150,2019-03-27,-0.17
151,2019-03-26,-0.42
152,2019-03-25,-0.01
153,2019-03-22,-0.54
154,2019-03-21,-0.34
155,2019-03-20,0.55
156,2019-03-19,0.13
157,2019-03-18,0.11
158,2019-03-15,0.19
159,2019-03-14,-0.2
160,2019-03-13,0.35
161,2019-03-12,0.35
162,2019-03-11,0.08
163,2019-03-08,0.41
164,2019-03-07,-1.0
165,2019-03-06,-0.01
166,2019-03-05,-0.28
167,2019-03-04,-0.33
168,2019-03-01,0.05
169,2019-02-28,0.02
170,2019-02-27,-0.16
171,2019-02-26,0.25
172,2019-02-25,0.14
173,2019-02-22,0.06
174,2019-02-21,-0.01
175,2019-02-20,-0.04
176,2019-02-19,0.27
177,2019-02-18,0.14
178,2019-02-15,-0.05
179,2019-02-14,0.3
180,2019-02-13,-0.51
181,2019-02-12,0.43
182,2019-02-11,-0.48
183,2019-02-08,-0.1
184,2019-02-07,-0.18
185,2019-02-06,-0.46
186,2019-02-05,-0.2
187,2019-02-04,-0.16
188,2019-02-01,0.09
189,2019-01-31,-0.29
190,2019-01-30,0.41
191,2019-01-29,-0.02
192,2019-01-28,0.17
193,2019-01-25,0.96
194,2019-01-24,-0.66
195,2019-01-23,0.19
196,2019-01-22,-0.06
197,2019-01-21,0.03
198,2019-01-18,-0.31
199,2019-01-17,-0.02
200,2019-01-16,-0.15
201,2019-01-15,-0.52
202,2019-01-14,0.07
203,2019-01-11,-0.27
204,2019-01-10,-0.37
205,2019-01-09,0.88
206,2019-01-08,-0.3
207,2019-01-07,0.71
208,2019-01-04,0.01
209,2019-01-03,0.45
210,2019-01-02,-1.06
211,2019-01-01,-0.05
212,2018-12-31,0.28
213,2018-12-28,0.07
214,2018-12-27,0.68
215,2018-12-26,-0.08
216,2018-12-25,-0.33
217,2018-12-24,0.27
218,2018-12-21,-0.67
219,2018-12-20,0.61
220,2018-12-19,0.14
221,2018-12-18,0.12
222,2018-12-17,0.34
223,2018-12-14,-0.48
224,2018-12-13,-0.04
225,2018-12-12,0.46
226,2018-12-11,-0.35
227,2018-12-10,-0.19
228,2018-12-07,0.02
229,2018-12-06,0.28
230,2018-12-05,-0.01
231,2018-12-04,-0.08
232,2018-12-03,0.33
233,2018-11-30,-0.67
234,2018-11-29,0.24
235,2018-11-28,0.69
236,2018-11-27,-0.35
237,2018-11-26,-0.11
238,2018-11-23,-0.59
239,2018-11-22,0.2
240,2018-11-21,0.12
241,2018-11-20,-0.72
242,2018-11-19,0.29
243,2018-11-16,0.81
244,2018-11-15,0.16
245,2018-11-14,0.17
246,2018-11-13,0.65
247,2018-11-12,-1.04
248,2018-11-09,-0.24
249,2018-11-08,-0.55
250,2018-11-07,-0.01
251,2018-11-06,0.18
252,2018-11-05,0.18
253,2018-11-02,-0.19
254,2018-11-01,0.86
255,2018-10-31,-0.28
256,2018-10-30,-0.25
257,2018-10-29,-0.26
258,2018-10-26,0.24
259,2018-10-25,-0.14
260,2018-10-24,-0.69
261,2018-10-23,0.05
262,2018-10-22,-0.43
263,2018-10-19,0.54
264,2018-10-18,-0.42
265,2018-10-17,-0.64
266,2018-10-16,-0.03
267,2018-10-15,0.14
268,2018-10-12,-0.27
269,2018-10-11,0.64
270,2018-10-10,0.26
271,2018-10-09,-0.02
272,2018-10-08,-0.28
273,2018-10-05,0.08
274,2018-10-04,0.32
275,2018-10-03,-0.61
276,2018-10-02,-0.26
277,2018-10-01,-0.27
278,2018-09-28,-0.27
279,2018-09-27,-0.84
280,2018-09-26,-0.27
281,2018-09-25,0.2
282,2018-09-24,-0.02
283,2018-09-21,-0.23
284,2018-09-20,0.89
285,2018-09-19,0.05
286,2018-09-18,-0.14
287,2018-09-17,0.46
288,2018-09-14,-0.51
289,2018-09-13,0.55
290,2018-09-12,0.16
291,2018-09-11,0.11
292,2018-09-10,0.35
293,2018-09-07,-0.59
294,2018-09-06,-0.06
295,2018-09-05,0.41
296,2018-09-04,-0.36
297,2018-09-03,0.2
298,2018-08-31,-0.6
299,2018-08-30,-0.32
300,2018-08-29,0.11
301,2018-08-28,0.15
302,2018-08-27,0.47
303,2018-08-24,0.73
304,2018-08-23,-0.5
305,2018-08-22,0.22
306,2018-08-21,0.78
307,2018-08-20,0.37
308,2018-08-17,0.54
309,2018-08-16,0.28
310,2018-08-15,0.01
311,2018-08-14,-0.57
312,2018-08-13,-0.02
313,2018-08-10,-1.01
314,2018-08-09,-0.72
315,2018-08-08,0.1
316,2018-08-07,0.39
317,2018-08-06,-0.11
318,2018-08-03,-0.15
319,2018-08-02,-0.65
320,2018-08-01,-0.27
321,2018-07-31,-0.13
322,2018-07-30,0.41
323,2018-07-27,0.13
324,2018-07-26,-0.72
325,2018-07-25,0.36
326,2018-07-24,-0.05
327,2018-07-23,-0.24
328,2018-07-20,0.66
329,2018-07-19,0.03
330,2018-07-18,-0.19
331,2018-07-17,-0.42
332,2018-07-16,0.21
333,2018-07-13,0.11
334,2018-07-12,-0.02
335,2018-07-11,-0.6
336,2018-07-10,-0.06
337,2018-07-09,0.03
338,2018-07-06,0.48
339,2018-07-05,0.3
340,2018-07-04,-0.01
341,2018-07-03,0.14
342,2018-07-02,-0.38
343,2018-06-29,1.0
344,2018-06-28,0.13
345,2018-06-27,-0.8
346,2018-06-26,-0.49
347,2018-06-25,0.4
348,2018-06-22,0.47
349,2018-06-21,0.27
350,2018-06-20,-0.16
351,2018-06-19,-0.28
352,2018-06-18,0.12
353,2018-06-15,0.35
354,2018-06-14,-1.88
355,2018-06-13,0.39
356,2018-06-12,-0.33
357,2018-06-11,0.14
358,2018-06-08,-0.26
359,2018-06-07,0.22
360,2018-06-06,0.47
361,2018-06-05,0.16
362,2018-06-04,0.33
363,2018-06-01,-0.27
364,2018-05-31,0.25
365,2018-05-30,1.07
366,2018-05-29,-0.71
367,2018-05-28,-0.25
368,2018-05-25,-0.58
369,2018-05-24,0.2
370,2018-05-23,-0.7
371,2018-05-22,-0.1
372,2018-05-21,0.11
373,2018-05-18,-0.14
374,2018-05-17,-0.1
375,2018-05-16,-0.26
376,2018-05-15,-0.75
377,2018-05-14,-0.14
378,2018-05-11,0.24
379,2018-05-10,0.55
380,2018-05-09,-0.12
381,2018-05-08,-0.49
382,2018-05-07,-0.32
383,2018-05-04,-0.23
384,2018-05-03,0.31
385,2018-05-02,-0.35
386,2018-05-01,-0.71
387,2018-04-30,-0.42
388,2018-04-27,0.22
389,2018-04-26,-0.48
390,2018-04-25,-0.58
391,2018-04-24,0.19
392,2018-04-23,-0.64
393,2018-04-20,-0.47
394,2018-04-19,-0.22
395,2018-04-18,0.02
396,2018-04-17,-0.08
397,2018-04-16,0.4
398,2018-04-13,0.03
399,2018-04-12,-0.32
400,2018-04-11,0.09
401,2018-04-10,0.28
402,2018-04-09,0.31
403,2018-04-06,0.35
404,2018-04-05,-0.31
405,2018-04-04,0.07
406,2018-04-03,-0.26
407,2018-04-02,-0.17
408,2018-03-30,0.17
409,2018-03-29,-0.05
410,2018-03-28,-0.77
411,2018-03-27,-0.32
412,2018-03-26,0.73
413,2018-03-23,0.41
414,2018-03-22,-0.29
415,2018-03-21,0.78
416,2018-03-20,-0.75
417,2018-03-19,0.37
418,2018-03-16,-0.13
419,2018-03-15,-0.5
420,2018-03-14,-0.19
421,2018-03-13,0.45
422,2018-03-12,0.22
423,2018-03-09,-0.04
424,2018-03-08,-0.81
425,2018-03-07,0.07
426,2018-03-06,0.55
427,2018-03-05,0.15
428,2018-03-02,0.4
429,2018-03-01,0.61
430,2018-02-28,-0.31
431,2018-02-27,-0.7
432,2018-02-26,0.2
433,2018-02-23,-0.31
434,2018-02-22,0.38
435,2018-02-21,-0.44
436,2018-02-20,-0.56
437,2018-02-19,0.02
438,2018-02-16,-0.8
439,2018-02-15,0.45
440,2018-02-14,0.79
441,2018-02-13,0.49
442,2018-02-12,0.47
443,2018-02-09,-0.1
444,2018-02-08,-0.14
445,2018-02-07,-0.91
446,2018-02-06,0.07
447,2018-02-05,-0.75
448,2018-02-02,-0.38
449,2018-02-01,0.72
450,2018-01-31,0.15
451,2018-01-30,0.15
452,2018-01-29,-0.31
453,2018-01-26,0.2
454,2018-01-25,-0.1
455,2018-01-24,0.89
456,2018-01-23,0.3
457,2018-01-22,0.33
458,2018-01-19,-0.14
459,2018-01-18,0.43
460,2018-01-17,-0.61
461,2018-01-16,-0.02
462,2018-01-15,0.62
463,2018-01-12,1.29
464,2018-01-11,0.71
465,2018-01-10,0.08
466,2018-01-09,-0.25
467,2018-01-08,-0.52
468,2018-01-05,-0.31
469,2018-01-04,0.45
470,2018-01-03,-0.37
471,2018-01-02,0.41
472,2018-01-01,0.1
473,2017-12-29,0.46
474,2017-12-28,0.46
475,2017-12-27,0.24
476,2017-12-26,-0.08
477,2017-12-25,0.08
478,2017-12-22,-0.12
479,2017-12-21,0.02
480,2017-12-20,0.26
481,2017-12-19,0.49
482,2017-12-18,0.24
483,2017-12-15,-0.2
484,2017-12-14,-0.41
485,2017-12-13,0.72
486,2017-12-12,-0.22
487,2017-12-11,0.03
488,2017-12-08,-0.08
489,2017-12-07,-0.19
490,2017-12-06,-0.25
491,2017-12-05,-0.34
492,2017-12-04,-0.21
493,2017-12-01,-0.11
494,2017-11-30,0.48
495,2017-11-29,0.05
496,2017-11-28,-0.48
497,2017-11-27,-0.27
498,2017-11-24,0.67
499,2017-11-23,0.25
500,2017-11-22,0.72
501,2017-11-21,0.05
502,2017-11-20,-0.53
503,2017-11-17,0.21
504,2017-11-16,-0.19
505,2017-11-15,-0.05
506,2017-11-14,1.12
507,2017-11-13,0.02
508,2017-11-10,0.2
509,2017-11-09,0.41
510,2017-11-08,0.08
511,2017-11-07,-0.21
512,2017-11-06,0.01
513,2017-11-03,-0.42
514,2017-11-02,0.34
515,2017-11-01,-0.23
516,2017-10-31,-0.04
517,2017-10-30,0.35
518,2017-10-27,-0.34
519,2017-10-26,-1.38
520,2017-10-25,0.44
521,2017-10-24,0.1
522,2017-10-23,-0.31
523,2017-10-20,-0.57
524,2017-10-19,0.55
525,2017-10-18,0.18
526,2017-10-17,-0.26
527,2017-10-16,-0.22
528,2017-10-13,-0.06
529,2017-10-12,-0.24
530,2017-10-11,0.45
531,2017-10-10,0.55
532,2017-10-09,0.06
533,2017-10-06,0.2
534,2017-10-05,-0.42
535,2017-10-04,0.14
536,2017-10-03,0.1
537,2017-10-02,-0.69
538,2017-09-29,0.24
539,2017-09-28,0.36
540,2017-09-27,-0.42
541,2017-09-26,-0.46
542,2017-09-25,-0.89
543,2017-09-22,0.11
544,2017-09-21,0.4
545,2017-09-20,-0.84
546,2017-09-19,0.33
547,2017-09-18,0.09
548,2017-09-15,0.2
549,2017-09-14,0.28
550,2017-09-13,-0.68
551,2017-09-12,0.12
552,2017-09-11,-0.68
553,2017-09-08,0.1
554,2017-09-07,0.89
555,2017-09-06,0.03
556,2017-09-05,0.15
557,2017-09-04,0.31
558,2017-09-01,-0.43
559,2017-08-31,0.23
560,2017-08-30,-0.74
561,2017-08-29,-0.06
562,2017-08-28,0.44
563,2017-08-25,1.08
564,2017-08-24,-0.07
565,2017-08-23,0.38
566,2017-08-22,-0.46
567,2017-08-21,0.46
568,2017-08-18,0.32
569,2017-08-17,-0.39
570,2017-08-16,0.3
571,2017-08-15,-0.38
572,2017-08-14,-0.35
573,2017-08-11,0.42
574,2017-08-10,0.11
575,2017-08-09,0.08
576,2017-08-08,-0.39
577,2017-08-07,0.2
578,2017-08-04,-0.83
579,2017-08-03,0.12
580,2017-08-02,0.46
581,2017-08-01,-0.34
582,2017-07-31,0.77
583,2017-07-28,0.64
584,2017-07-27,-0.49
585,2017-07-26,0.7
586,2017-07-25,0.09
587,2017-07-24,-0.18
588,2017-07-21,0.28
589,2017-07-20,1.0
590,2017-07-19,-0.34
591,2017-07-18,0.66
592,2017-07-17,0.09
593,2017-07-14,0.61
594,2017-07-13,-0.11
595,2017-07-12,-0.48
596,2017-07-11,0.59
597,2017-07-10,-0.01
598,2017-07-07,-0.19
599,2017-07-06,0.62
600,2017-07-05,0.07
601,2017-07-04,-0.17
602,2017-07-03,-0.54
603,2017-06-30,-0.13
604,2017-06-29,0.55
605,2017-06-28,0.34
606,2017-06-27,1.4
607,2017-06-26,-0.11
608,2017-06-23,0.37
609,2017-06-22,-0.13
610,2017-06-21,0.3
611,2017-06-20,-0.12
612,2017-06-19,-0.45
613,2017-06-16,0.48
614,2017-06-15,-0.65
615,2017-06-14,0.02
616,2017-06-13,0.12
617,2017-06-12,0.06
618,2017-06-09,-0.16
619,2017-06-08,-0.38
620,2017-06-07,-0.19
621,2017-06-06,0.2
622,2017-06-05,-0.24
623,2017-06-02,0.62
624,2017-06-01,-0.27
625,2017-05-31,0.52
626,2017-05-30,0.18
627,2017-05-29,-0.16
628,2017-05-26,-0.25
629,2017-05-25,-0.07
630,2017-05-24,0.32
631,2017-05-23,-0.49
632,2017-05-22,0.28
633,2017-05-19,0.94
634,2017-05-18,-0.5
635,2017-05-17,0.69
636,2017-05-16,0.97
637,2017-05-15,0.4
638,2017-05-12,0.64
639,2017-05-11,-0.06
640,2017-05-10,-0.06
641,2017-05-09,-0.46
642,2017-05-08,-0.67
643,2017-05-05,0.13
644,2017-05-04,0.91
645,2017-05-03,-0.41
646,2017-05-02,0.28
647,2017-05-01,0.02
648,2017-04-28,0.22
649,2017-04-27,-0.28
650,2017-04-26,-0.21
651,2017-04-25,0.53
652,2017-04-24,1.3
653,2017-04-21,0.1
654,2017-04-20,0.06
655,2017-04-19,-0.21
656,2017-04-18,0.86
657,2017-04-17,0.29
658,2017-04-14,-0.02
659,2017-04-13,-0.49
660,2017-04-12,0.6
661,2017-04-11,0.06
662,2017-04-10,0.06
663,2017-04-07,-0.51
664,2017-04-06,-0.18
665,2017-04-05,-0.1
666,2017-04-04,0.03
667,2017-04-03,0.18
668,2017-03-31,-0.22
669,2017-03-30,-0.85
670,2017-03-29,-0.43
671,2017-03-28,-0.48
672,2017-03-27,0.61
673,2017-03-24,0.15
674,2017-03-23,-0.13
675,2017-03-22,-0.13
676,2017-03-21,0.67
677,2017-03-20,0.01
678,2017-03-17,-0.26
679,2017-03-16,0.29
680,2017-03-15,1.24
681,2017-03-14,-0.47
682,2017-03-13,-0.17
683,2017-03-10,0.9
684,2017-03-09,0.34
685,2017-03-08,-0.24
686,2017-03-07,-0.14
687,2017-03-06,-0.4
688,2017-03-03,1.1
689,2017-03-02,-0.39
690,2017-03-01,-0.27
691,2017-02-28,-0.1
692,2017-02-27,0.24
693,2017-02-24,-0.17
694,2017-02-23,0.24
695,2017-02-22,0.18
696,2017-02-21,-0.73
697,2017-02-20,0.0
698,2017-02-17,-0.56
699,2017-02-16,0.69
700,2017-02-15,0.23
701,2017-02-14,-0.2
702,2017-02-13,-0.4
703,2017-02-10,-0.14
704,2017-02-09,-0.39
705,2017-02-08,0.16
706,2017-02-07,-0.64
707,2017-02-06,-0.32
708,2017-02-03,0.24
709,2017-02-02,-0.1
710,2017-02-01,-0.27
711,2017-01-31,0.96
712,2017-01-30,-0.04
713,2017-01-27,0.16
714,2017-01-26,-0.61
715,2017-01-25,0.16
716,2017-01-24,-0.32
717,2017-01-23,0.58
718,2017-01-20,0.37
719,2017-01-19,0.31
720,2017-01-18,-0.77
721,2017-01-17,1.05
722,2017-01-16,-0.39
723,2017-01-13,0.29
724,2017-01-12,0.29
725,2017-01-11,0.27
726,2017-01-10,-0.19
727,2017-01-09,0.39
728,2017-01-06,-0.7
729,2017-01-05,1.13
730,2017-01-04,0.79
731,2017-01-03,-0.51
732,2017-01-02,-0.54
733,2016-12-30,0.23
734,2016-12-29,0.77
735,2016-12-28,-0.43
736,2016-12-27,0.01
737,2016-12-26,0.0
738,2016-12-23,0.18
739,2016-12-22,0.12
740,2016-12-21,0.37
741,2016-12-20,-0.14
742,2016-12-19,-0.47
743,2016-12-16,0.36
744,2016-12-15,-1.16
745,2016-12-14,-0.86
746,2016-12-13,-0.08
747,2016-12-12,0.69
748,2016-12-09,-0.5
749,2016-12-08,-1.28
750,2016-12-07,0.32
751,2016-12-06,-0.42
752,2016-12-05,0.85
753,2016-12-02,0.1
754,2016-12-01,0.7
755,2016-11-30,-0.58
756,2016-11-29,0.33
757,2016-11-28,0.26
758,2016-11-25,0.31
759,2016-11-24,-0.05
760,2016-11-23,-0.63
761,2016-11-22,-0.04
762,2016-11-21,0.4
763,2016-11-18,-0.36
764,2016-11-17,-0.6
765,2016-11-16,-0.29
766,2016-11-15,-0.15
767,2016-11-14,-1.1
768,2016-11-11,-0.34
769,2016-11-10,-0.16
770,2016-11-09,-1.05
771,2016-11-08,-0.13
772,2016-11-07,-0.88
773,2016-11-04,0.3
774,2016-11-03,0.07
775,2016-11-02,0.37
776,2016-11-01,0.68
777,2016-10-31,-0.05
778,2016-10-28,0.83
779,2016-10-27,-0.11
780,2016-10-26,0.19
781,2016-10-25,0.05
782,2016-10-24,-0.01
783,2016-10-21,-0.42
784,2016-10-20,-0.4
785,2016-10-19,-0.05
786,2016-10-18,-0.17
787,2016-10-17,0.26
788,2016-10-14,-0.78
789,2016-10-13,0.45
790,2016-10-12,-0.42
791,2016-10-11,-0.75
792,2016-10-10,-0.56
793,2016-10-07,0.45
794,2016-10-06,-0.48
795,2016-10-05,0.01
796,2016-10-04,-0.06
797,2016-10-03,-0.27
798,2016-09-30,0.16
799,2016-09-29,0.06
800,2016-09-28,0.01
801,2016-09-27,-0.35
802,2016-09-26,0.25
803,2016-09-23,0.17
804,2016-09-22,0.16
805,2016-09-21,0.3
806,2016-09-20,-0.17
807,2016-09-19,0.17
808,2016-09-16,-0.79
809,2016-09-15,-0.05
810,2016-09-14,0.27
811,2016-09-13,-0.12
812,2016-09-12,0.01
813,2016-09-09,-0.25
814,2016-09-08,0.2
815,2016-09-07,-0.15
816,2016-09-06,0.98
817,2016-09-05,-0.08
818,2016-09-02,-0.38
819,2016-09-01,0.36
820,2016-08-31,0.13
821,2016-08-30,-0.41
822,2016-08-29,-0.08
823,2016-08-26,-0.75
824,2016-08-25,0.18
825,2016-08-24,-0.38
826,2016-08-23,-0.11
827,2016-08-22,-0.06
828,2016-08-19,-0.25
829,2016-08-18,0.58
830,2016-08-17,0.09
831,2016-08-16,0.84
832,2016-08-15,0.21
833,2016-08-12,0.22
834,2016-08-11,-0.36
835,2016-08-10,0.52
836,2016-08-09,0.23
837,2016-08-08,0.07
838,2016-08-05,-0.4
839,2016-08-04,-0.17
840,2016-08-03,-0.69
841,2016-08-02,0.58
842,2016-08-01,-0.11
843,2016-07-29,0.88
844,2016-07-28,0.16
845,2016-07-27,0.65
846,2016-07-26,-0.06
847,2016-07-25,0.16
848,2016-07-22,-0.44
849,2016-07-21,0.09
850,2016-07-20,-0.06
851,2016-07-19,-0.47
852,2016-07-18,0.34
853,2016-07-15,-0.76
854,2016-07-14,0.27
855,2016-07-13,0.28
856,2016-07-12,0.01
857,2016-07-11,0.03
858,2016-07-08,-0.07
859,2016-07-07,-0.32
860,2016-07-06,0.21
861,2016-07-05,-0.72
862,2016-07-04,0.18
863,2016-07-01,0.28
864,2016-06-30,-0.18
865,2016-06-29,0.53
866,2016-06-28,0.36
867,2016-06-27,-0.82
868,2016-06-24,-2.38
869,2016-06-23,0.81
870,2016-06-22,0.49
871,2016-06-21,-0.64
872,2016-06-20,0.33
873,2016-06-17,0.45
874,2016-06-16,-0.29
875,2016-06-15,0.46
876,2016-06-14,-0.74
877,2016-06-13,0.36
878,2016-06-10,-0.57
879,2016-06-09,-0.68
880,2016-06-08,0.32
881,2016-06-07,0.03
882,2016-06-06,-0.11
883,2016-06-03,1.94
884,2016-06-02,-0.33
885,2016-06-01,0.5
886,2016-05-31,-0.13
887,2016-05-30,0.28
888,2016-05-27,-0.71
889,2016-05-26,0.35
890,2016-05-25,0.13
891,2016-05-24,-0.7
892,2016-05-23,-0.04
893,2016-05-20,0.19
894,2016-05-19,-0.12
895,2016-05-18,-0.86
896,2016-05-17,-0.05
897,2016-05-16,0.11
898,2016-05-13,-0.61
899,2016-05-12,-0.44
900,2016-05-11,0.48
901,2016-05-10,-0.1
902,2016-05-09,-0.19
903,2016-05-06,0.0
904,2016-05-05,-0.71
905,2016-05-04,-0.09
906,2016-05-03,-0.3
907,2016-05-02,0.66
908,2016-04-29,0.91
909,2016-04-28,0.28
910,2016-04-27,0.19
911,2016-04-26,0.29
912,2016-04-25,0.28
913,2016-04-22,-0.48
914,2016-04-21,-0.08
915,2016-04-20,-0.54
916,2016-04-19,0.39
917,2016-04-18,0.27
918,2016-04-15,0.13
919,2016-04-14,-0.05
920,2016-04-13,-0.98
921,2016-04-12,-0.19
922,2016-04-11,0.06
923,2016-04-08,0.21
924,2016-04-07,-0.19
925,2016-04-06,0.13
926,2016-04-05,-0.07
927,2016-04-04,0.04
928,2016-04-01,0.06
929,2016-03-31,0.37
930,2016-03-30,0.42
931,2016-03-29,0.85
932,2016-03-28,0.27
933,2016-03-25,-0.07
934,2016-03-24,-0.09
935,2016-03-23,-0.29
936,2016-03-22,-0.21
937,2016-03-21,-0.26
938,2016-03-18,-0.43
939,2016-03-17,0.84
940,2016-03-16,1.04
941,2016-03-15,0.03
942,2016-03-14,-0.42
943,2016-03-11,-0.21
944,2016-03-10,1.62
945,2016-03-09,-0.11
946,2016-03-08,-0.03
947,2016-03-07,0.09
948,2016-03-04,0.43
949,2016-03-03,0.82
950,2016-03-02,0.01
951,2016-03-01,-0.06
952,2016-02-29,-0.56
953,2016-02-26,-0.81
954,2016-02-25,0.09
955,2016-02-24,-0.06
956,2016-02-23,-0.08
957,2016-02-22,-0.94
958,2016-02-19,0.24
959,2016-02-18,-0.19
960,2016-02-17,-0.14
961,2016-02-16,-0.1
962,2016-02-15,-0.93
963,2016-02-12,-0.57
964,2016-02-11,0.3
965,2016-02-10,-0.03
966,2016-02-09,0.85
967,2016-02-08,0.35
968,2016-02-05,-0.44
969,2016-02-04,0.94
970,2016-02-03,1.69
971,2016-02-02,0.28
972,2016-02-01,0.47
973,2016-01-29,-0.93
974,2016-01-28,0.42
975,2016-01-27,0.2
976,2016-01-26,0.2
977,2016-01-25,0.48
978,2016-01-22,-0.71
979,2016-01-21,-0.16
980,2016-01-20,-0.16
981,2016-01-19,0.16
982,2016-01-18,-0.23
983,2016-01-15,0.48
984,2016-01-14,-0.11
985,2016-01-13,0.18
986,2016-01-12,-0.03
987,2016-01-11,-0.66
988,2016-01-08,-0.04
989,2016-01-07,1.44
990,2016-01-06,0.31
991,2016-01-05,-0.77
992,2016-01-04,-0.27
993,2016-01-01,-0.01
994,2015-12-31,-0.65
995,2015-12-30,0.14
996,2015-12-29,-0.46
997,2015-12-28,-0.08
998,2015-12-25,0.05
999,2015-12-24,0.58
1000,2015-12-23,-0.42
1001,2015-12-22,0.37
1002,2015-12-21,0.43
1003,2015-12-18,0.4
1004,2015-12-17,-0.81
1005,2015-12-16,-0.14
1006,2015-12-15,-0.58
1007,2015-12-14,0.03
1008,2015-12-11,0.44
1009,2015-12-10,-0.76
1010,2015-12-09,1.2
1011,2015-12-08,0.54
1012,2015-12-07,-0.47
1013,2015-12-04,-0.5
1014,2015-12-03,3.07
1015,2015-12-02,-0.15
1016,2015-12-01,0.63
1017,2015-11-30,-0.27
1018,2015-11-27,-0.16
1019,2015-11-26,-0.16
1020,2015-11-25,-0.13
1021,2015-11-24,0.05
1022,2015-11-23,-0.09
1023,2015-11-20,-0.82
1024,2015-11-19,0.7
1025,2015-11-18,0.14
1026,2015-11-17,-0.39
1027,2015-11-16,-0.86
1028,2015-11-13,-0.35
1029,2015-11-12,0.68
1030,2015-11-11,0.19
1031,2015-11-10,-0.26
1032,2015-11-09,0.1
1033,2015-11-06,-1.31
1034,2015-11-05,0.19
1035,2015-11-04,-0.96
1036,2015-11-03,-0.43
1037,2015-11-02,0.08
1038,2015-10-30,0.27
1039,2015-10-29,0.51
1040,2015-10-28,-1.16
1041,2015-10-27,-0.07
1042,2015-10-26,0.34
1043,2015-10-23,-0.8
1044,2015-10-22,-2.05
1045,2015-10-21,-0.05
1046,2015-10-20,0.16
1047,2015-10-19,-0.18
1048,2015-10-16,-0.32
1049,2015-10-15,-0.78
1050,2015-10-14,0.83
1051,2015-10-13,0.21
1052,2015-10-12,-0.03
1053,2015-10-09,0.7
1054,2015-10-08,0.39
1055,2015-10-07,-0.32
1056,2015-10-06,0.77
1057,2015-10-05,-0.23
1058,2015-10-02,0.14
1059,2015-10-01,0.16
1060,2015-09-30,-0.64
1061,2015-09-29,0.03
1062,2015-09-28,0.46
1063,2015-09-25,-0.31
1064,2015-09-24,0.38
1065,2015-09-23,0.6
1066,2015-09-22,-0.62
1067,2015-09-21,-1.03
1068,2015-09-18,-1.15
1069,2015-09-17,1.3
1070,2015-09-16,0.2
1071,2015-09-15,-0.48
1072,2015-09-14,-0.17
1073,2015-09-11,0.53
1074,2015-09-10,0.65
1075,2015-09-09,0.06
1076,2015-09-08,0.29
1077,2015-09-07,0.19
1078,2015-09-04,0.21
1079,2015-09-03,-0.92
1080,2015-09-02,-0.81
1081,2015-09-01,0.94
1082,2015-08-31,0.31
1083,2015-08-28,-0.59
1084,2015-08-27,-0.62
1085,2015-08-26,-1.75
1086,2015-08-25,-0.89
1087,2015-08-24,2.03
1088,2015-08-21,1.31
1089,2015-08-20,1.11
1090,2015-08-19,0.89
1091,2015-08-18,-0.54
1092,2015-08-17,-0.23
1093,2015-08-14,-0.38
1094,2015-08-13,-0.07
1095,2015-08-12,1.06
1096,2015-08-11,0.19
1097,2015-08-10,0.46
1098,2015-08-07,0.39
1099,2015-08-06,0.17
1100,2015-08-05,0.22
1101,2015-08-04,-0.63
1102,2015-08-03,-0.34
1103,2015-07-31,0.5
1104,2015-07-30,-0.48
1105,2015-07-29,-0.66
1106,2015-07-28,-0.32
1107,2015-07-27,1.0
1108,2015-07-24,0.01
1109,2015-07-23,0.45
1110,2015-07-22,-0.03
1111,2015-07-21,1.02
1112,2015-07-20,-0.02
1113,2015-07-17,-0.42
1114,2015-07-16,-0.68
1115,2015-07-15,-0.57
1116,2015-07-14,0.07
1117,2015-07-13,-1.43
1118,2015-07-10,1.14
1119,2015-07-09,-0.35
1120,2015-07-08,0.59
1121,2015-07-07,-0.41
1122,2015-07-06,-0.51
1123,2015-07-03,0.27
1124,2015-07-02,0.27
1125,2015-07-01,-0.75
1126,2015-06-30,-0.87
1127,2015-06-29,0.63
1128,2015-06-26,-0.34
1129,2015-06-25,-0.03
1130,2015-06-24,0.33
1131,2015-06-23,-1.51
1132,2015-06-22,-0.11
1133,2015-06-19,-0.06
1134,2015-06-18,0.2
1135,2015-06-17,0.79
1136,2015-06-16,-0.32
1137,2015-06-15,0.13
1138,2015-06-12,0.1
1139,2015-06-11,-0.6
1140,2015-06-10,0.37
1141,2015-06-09,-0.07
1142,2015-06-08,1.61
1143,2015-06-05,-1.12
1144,2015-06-04,-0.32
1145,2015-06-03,1.08
1146,2015-06-02,2.08
1147,2015-06-01,-0.55
1148,2015-05-29,0.36
1149,2015-05-28,0.4
1150,2015-05-27,0.29
1151,2015-05-26,-0.96
1152,2015-05-25,-0.36
1153,2015-05-22,-0.85
1154,2015-05-21,0.18
1155,2015-05-20,-0.5
1156,2015-05-19,-1.47
1157,2015-05-18,-1.2
1158,2015-05-15,0.37
1159,2015-05-14,0.47
1160,2015-05-13,1.28
1161,2015-05-12,0.53
1162,2015-05-11,-0.44
1163,2015-05-08,-0.56
1164,2015-05-07,-0.76
1165,2015-05-06,1.49
1166,2015-05-05,0.36
1167,2015-05-04,-0.5
1168,2015-05-01,-0.2
1169,2015-04-30,0.84
1170,2015-04-29,1.38
1171,2015-04-28,0.85
1172,2015-04-27,0.13
1173,2015-04-24,0.43
1174,2015-04-23,0.94
1175,2015-04-22,-0.09
1176,2015-04-21,-0.01
1177,2015-04-20,-0.65
1178,2015-04-17,0.42
1179,2015-04-16,0.71
1180,2015-04-15,0.3
1181,2015-04-14,0.81
1182,2015-04-13,-0.34
1183,2015-04-10,-0.52
1184,2015-04-09,-1.13
1185,2015-04-08,-0.32
1186,2015-04-07,-0.99
1187,2015-04-06,-0.49
1188,2015-04-03,0.86
1189,2015-04-02,1.11
1190,2015-04-01,0.31
1191,2015-03-31,-0.95
1192,2015-03-30,-0.5
1193,2015-03-27,0.04
1194,2015-03-26,-0.8
1195,2015-03-25,0.42
1196,2015-03-24,-0.19
1197,2015-03-23,1.16
1198,2015-03-20,1.52
1199,2015-03-19,-1.9
1200,2015-03-18,2.54
1201,2015-03-17,0.28
1202,2015-03-16,0.7
1203,2015-03-13,-1.32
1204,2015-03-12,0.83
1205,2015-03-11,-1.41
1206,2015-03-10,-1.42
1207,2015-03-09,0.07
1208,2015-03-06,-1.7
1209,2015-03-05,-0.43
1210,2015-03-04,-0.87
1211,2015-03-03,-0.08
1212,2015-03-02,-0.09
1213,2015-02-27,-0.03
1214,2015-02-26,-1.44
1215,2015-02-25,0.19
1216,2015-02-24,0.08
1217,2015-02-23,-0.43
1218,2015-02-20,0.13
1219,2015-02-19,-0.27
1220,2015-02-18,-0.13
1221,2015-02-17,0.52
1222,2015-02-16,-0.28
1223,2015-02-13,-0.16
1224,2015-02-12,0.61
1225,2015-02-11,0.11
1226,2015-02-10,-0.03
1227,2015-02-09,0.08
1228,2015-02-06,-1.41
1229,2015-02-05,1.15
1230,2015-02-04,-1.17
1231,2015-02-03,1.23
1232,2015-02-02,0.48
1233,2015-01-30,-0.28
1234,2015-01-29,0.28
1235,2015-01-28,-0.82
1236,2015-01-27,1.26
1237,2015-01-26,0.28
1238,2015-01-23,-1.39
1239,2015-01-22,-2.1
1240,2015-01-21,0.51
1241,2015-01-20,-0.47
1242,2015-01-19,0.31
1243,2015-01-16,-0.52
1244,2015-01-15,-1.34
1245,2015-01-14,0.14
1246,2015-01-13,-0.52
1247,2015-01-12,-0.06
1248,2015-01-09,0.41
1249,2015-01-08,-0.39
1250,2015-01-07,-0.42
1251,2015-01-06,-0.38
1252,2015-01-05,-0.57
1253,2015-01-02,-0.83
1254,2015-01-01,0.05
1255,2014-12-31,-0.49
1256,2014-12-30,0.04
1257,2014-12-29,-0.2
1258,2014-12-26,-0.38
1259,2014-12-25,0.22
1260,2014-12-24,0.19
1261,2014-12-23,-0.48
1262,2014-12-22,0.02
1263,2014-12-19,-0.47
1264,2014-12-18,-0.46
1265,2014-12-17,-1.34
1266,2014-12-16,0.59
1267,2014-12-15,-0.2
1268,2014-12-12,0.41
1269,2014-12-11,-0.3
1270,2014-12-10,0.59
1271,2014-12-09,0.47
1272,2014-12-08,0.26
1273,2014-12-05,-0.76
1274,2014-12-04,0.55
1275,2014-12-03,-0.58
1276,2014-12-02,-0.7
1277,2014-12-01,0.14
1278,2014-11-28,-0.12
1279,2014-11-27,-0.31
1280,2014-11-26,0.25
1281,2014-11-25,0.26
1282,2014-11-24,0.43
1283,2014-11-21,-1.2
1284,2014-11-20,-0.11
1285,2014-11-19,0.14
1286,2014-11-18,0.7
1287,2014-11-17,-0.58
1288,2014-11-14,0.37
1289,2014-11-13,0.31
1290,2014-11-12,-0.29
1291,2014-11-11,0.43
1292,2014-11-10,-0.26
1293,2014-11-07,0.64
1294,2014-11-06,-0.89
1295,2014-11-05,-0.48
1296,2014-11-04,0.5
1297,2014-11-03,-0.34
1298,2014-10-31,-0.7
1299,2014-10-30,-0.15
1300,2014-10-29,-0.8
1301,2014-10-28,0.28
1302,2014-10-27,0.22
1303,2014-10-24,0.18
1304,2014-10-23,-0.02
1305,2014-10-22,-0.52
1306,2014-10-21,-0.66
1307,2014-10-20,0.28
1308,2014-10-17,-0.36
1309,2014-10-16,-0.22
1310,2014-10-15,1.41
1311,2014-10-14,-0.74
1312,2014-10-13,0.99
1313,2014-10-10,-0.5
1314,2014-10-09,-0.34
1315,2014-10-08,0.51
1316,2014-10-07,0.13
1317,2014-10-06,1.09
1318,2014-10-03,-1.19
1319,2014-10-02,0.35
1320,2014-10-01,-0.06
1321,2014-09-30,-0.42
1322,2014-09-29,0.0
1323,2014-09-26,-0.51
1324,2014-09-25,-0.23
1325,2014-09-24,-0.52
1326,2014-09-23,-0.02
1327,2014-09-22,0.16
1328,2014-09-19,-0.73
1329,2014-09-18,0.44
1330,2014-09-17,-0.73
1331,2014-09-16,0.14
1332,2014-09-15,-0.18
1333,2014-09-12,0.3
1334,2014-09-11,0.07
1335,2014-09-10,-0.16
1336,2014-09-09,0.32
1337,2014-09-08,-0.41
1338,2014-09-05,0.04
1339,2014-09-04,-1.57
1340,2014-09-03,0.14
1341,2014-09-02,0.04
1342,2014-09-01,-0.04
1343,2014-08-29,-0.38
1344,2014-08-28,-0.08
1345,2014-08-27,0.18
1346,2014-08-26,-0.17
1347,2014-08-25,-0.39
1348,2014-08-22,-0.29
1349,2014-08-21,0.17
1350,2014-08-20,-0.45
1351,2014-08-19,-0.32
1352,2014-08-18,-0.27
1353,2014-08-15,0.25
1354,2014-08-14,0.0
1355,2014-08-13,-0.03
1356,2014-08-12,-0.13
1357,2014-08-11,-0.19
1358,2014-08-08,0.36
1359,2014-08-07,-0.14
1360,2014-08-06,0.04
1361,2014-08-05,-0.34
1362,2014-08-04,-0.06
1363,2014-08-01,0.31
1364,2014-07-31,-0.06
1365,2014-07-30,-0.1
1366,2014-07-29,-0.23
1367,2014-07-28,0.07
1368,2014-07-25,-0.24
1369,2014-07-24,-0.01
1370,2014-07-23,-0.01
1371,2014-07-22,-0.42
1372,2014-07-21,-0.01
1373,2014-07-18,-0.01
1374,2014-07-17,0.01
1375,2014-07-16,-0.35
1376,2014-07-15,-0.35
1377,2014-07-14,0.08
1378,2014-07-11,-0.01
1379,2014-07-10,-0.26
1380,2014-07-09,0.24
1381,2014-07-08,0.06
1382,2014-07-07,0.07
1383,2014-07-04,-0.11
1384,2014-07-03,-0.36
1385,2014-07-02,-0.14
1386,2014-07-01,-0.09
1387,2014-06-30,0.32
1388,2014-06-27,0.28
1389,2014-06-26,-0.14
1390,2014-06-25,0.18
1391,2014-06-24,0.0
1392,2014-06-23,0.04
1393,2014-06-20,-0.07
1394,2014-06-19,0.1
1395,2014-06-18,0.37
1396,2014-06-17,-0.21
1397,2014-06-16,0.24
1398,2014-06-13,-0.08
1399,2014-06-12,0.15
1400,2014-06-11,-0.11
1401,2014-06-10,-0.34
1402,2014-06-09,-0.36
1403,2014-06-06,-0.12
1404,2014-06-05,0.45
1405,2014-06-04,-0.21
1406,2014-06-03,0.23
1407,2014-06-02,-0.25
1408,2014-05-30,0.21
1409,2014-05-29,0.08
1410,2014-05-28,-0.32
1411,2014-05-27,-0.09
1412,2014-05-26,0.09
1413,2014-05-23,-0.16
1414,2014-05-22,-0.23
1415,2014-05-21,-0.12
1416,2014-05-20,-0.04
1417,2014-05-19,0.1
1418,2014-05-16,-0.12
1419,2014-05-15,-0.03
1420,2014-05-14,0.08
1421,2014-05-13,-0.39
1422,2014-05-12,-0.02
1423,2014-05-09,-0.59
1424,2014-05-08,-0.51
1425,2014-05-07,-0.11
1426,2014-05-06,0.37
1427,2014-05-05,0.04
1428,2014-05-02,0.0
1429,2014-05-01,0.01
1430,2014-04-30,0.41
1431,2014-04-29,-0.27
1432,2014-04-28,0.12
1433,2014-04-25,0.01
1434,2014-04-24,0.11
1435,2014-04-23,0.09
1436,2014-04-22,0.09
1437,2014-04-21,-0.17
1438,2014-04-18,0.0
1439,2014-04-17,-0.01
1440,2014-04-16,0.01
1441,2014-04-15,-0.05
1442,2014-04-14,-0.46
1443,2014-04-11,-0.02
1444,2014-04-10,0.24
1445,2014-04-09,0.43
1446,2014-04-08,0.4
1447,2014-04-07,0.28
1448,2014-04-04,-0.12
1449,2014-04-03,-0.34
1450,2014-04-02,-0.2
1451,2014-04-01,0.17
1452,2014-03-31,0.13
1453,2014-03-28,0.09
1454,2014-03-27,-0.31
1455,2014-03-26,-0.32
1456,2014-03-25,-0.09
1457,2014-03-24,0.33
1458,2014-03-21,0.11
1459,2014-03-20,-0.39
1460,2014-03-19,-0.72
1461,2014-03-18,0.09
1462,2014-03-17,0.06
1463,2014-03-14,0.32
1464,2014-03-13,-0.25
1465,2014-03-12,0.32
1466,2014-03-11,-0.13
1467,2014-03-10,-0.01
1468,2014-03-07,0.12
1469,2014-03-06,0.93
1470,2014-03-05,-0.08
1471,2014-03-04,0.07
1472,2014-03-03,-0.49
1473,2014-02-28,0.69
1474,2014-02-27,0.15
1475,2014-02-26,-0.42
1476,2014-02-25,0.08
1477,2014-02-24,-0.04
1478,2014-02-21,0.16
1479,2014-02-20,-0.11
1480,2014-02-19,-0.18
1481,2014-02-18,0.36
1482,2014-02-17,0.11
1483,2014-02-14,0.09
1484,2014-02-13,0.64
1485,2014-02-12,-0.33
1486,2014-02-11,-0.06
1487,2014-02-10,0.09
1488,2014-02-07,0.33
1489,2014-02-06,0.42
1490,2014-02-05,0.1
1491,2014-02-04,-0.04
1492,2014-02-03,0.28
1493,2014-01-31,-0.51
1494,2014-01-30,-0.78
1495,2014-01-29,-0.04
1496,2014-01-28,-0.02
1497,2014-01-27,-0.04
1498,2014-01-24,-0.12
1499,2014-01-23,1.09
1500,2014-01-22,-0.1
1501,2014-01-21,0.07
1502,2014-01-20,0.08
1503,2014-01-17,-0.58
1504,2014-01-16,0.11
1505,2014-01-15,-0.54
1506,2014-01-14,0.05
1507,2014-01-13,0.01
1508,2014-01-10,0.45
1509,2014-01-09,0.25
1510,2014-01-08,-0.3
1511,2014-01-07,-0.09
1512,2014-01-06,0.29
1513,2014-01-03,-0.61
1514,2014-01-02,-0.6
1515,2014-01-01,0.06
1516,2013-12-31,-0.43
1517,2013-12-30,0.46
1518,2013-12-27,0.37
1519,2013-12-26,0.08
1520,2013-12-25,-0.03
1521,2013-12-24,-0.09
1522,2013-12-23,0.18
1523,2013-12-20,0.07
1524,2013-12-19,-0.16
1525,2013-12-18,-0.6
1526,2013-12-17,0.05
1527,2013-12-16,0.13
1528,2013-12-13,-0.09
1529,2013-12-12,-0.22
1530,2013-12-11,0.18
1531,2013-12-10,0.16
1532,2013-12-09,0.24
1533,2013-12-06,0.28
1534,2013-12-05,0.54
1535,2013-12-04,0.03
1536,2013-12-03,0.35
1537,2013-12-02,-0.35
1538,2013-11-29,-0.11
1539,2013-11-28,0.19
1540,2013-11-27,0.05
1541,2013-11-26,0.41
1542,2013-11-25,-0.31
1543,2013-11-22,0.56
1544,2013-11-21,0.32
1545,2013-11-20,-0.74
1546,2013-11-19,0.25
1547,2013-11-18,0.07
1548,2013-11-15,0.27
1549,2013-11-14,-0.21
1550,2013-11-13,0.38
1551,2013-11-12,0.22
1552,2013-11-11,0.27
1553,2013-11-08,-0.37
1554,2013-11-07,-0.68
1555,2013-11-06,0.28
1556,2013-11-05,-0.31
1557,2013-11-04,0.22
1558,2013-11-01,-0.71
1559,2013-10-31,-1.11
1560,2013-10-30,-0.07
1561,2013-10-29,-0.28
1562,2013-10-28,-0.15
1563,2013-10-25,0.04
1564,2013-10-24,0.17
1565,2013-10-23,-0.03
1566,2013-10-22,0.72
1567,2013-10-21,-0.01
1568,2013-10-18,0.07
1569,2013-10-17,1.04
1570,2013-10-16,0.09
1571,2013-10-15,-0.28
1572,2013-10-14,0.14
1573,2013-10-11,0.16
1574,2013-10-10,-0.03
1575,2013-10-09,-0.36
1576,2013-10-08,-0.07
1577,2013-10-07,0.18
1578,2013-10-04,-0.44
1579,2013-10-03,0.29
1580,2013-10-02,0.39
1581,2013-10-01,0.0
1582,2013-09-30,0.03
1583,2013-09-27,0.24
1584,2013-09-26,-0.27
1585,2013-09-25,0.39
1586,2013-09-24,-0.14
1587,2013-09-23,-0.23
1588,2013-09-20,-0.04
1589,2013-09-19,0.06
1590,2013-09-18,1.22
1591,2013-09-17,0.19
1592,2013-09-16,0.3
1593,2013-09-13,-0.04
1594,2013-09-12,-0.1
1595,2013-09-11,0.33
1596,2013-09-10,0.1
1597,2013-09-09,0.57
1598,2013-09-06,0.46
1599,2013-09-05,-0.67
1600,2013-09-04,0.3
1601,2013-09-03,-0.17
1602,2013-09-02,-0.23
1603,2013-08-30,-0.14
1604,2013-08-29,-0.74
1605,2013-08-28,-0.4
1606,2013-08-27,0.18
1607,2013-08-26,-0.1
1608,2013-08-23,0.19
1609,2013-08-22,-0.01
1610,2013-08-21,-0.45
1611,2013-08-20,0.61
1612,2013-08-19,0.05
1613,2013-08-16,-0.14
1614,2013-08-15,0.69
1615,2013-08-14,-0.05
1616,2013-08-13,-0.29
1617,2013-08-12,-0.32
1618,2013-08-09,-0.29
1619,2013-08-08,0.34
1620,2013-08-07,0.23
1621,2013-08-06,0.36
1622,2013-08-05,-0.19
1623,2013-08-02,0.58
1624,2013-08-01,-0.71
1625,2013-07-31,0.29
1626,2013-07-30,0.01
1627,2013-07-29,-0.13
1628,2013-07-26,0.02
1629,2013-07-25,0.58
1630,2013-07-24,-0.17
1631,2013-07-23,0.29
1632,2013-07-22,0.33
1633,2013-07-19,0.24
1634,2013-07-18,-0.11
1635,2013-07-17,-0.28
1636,2013-07-16,0.77
1637,2013-07-15,-0.05
1638,2013-07-12,-0.21
1639,2013-07-11,0.92
1640,2013-07-10,1.53
1641,2013-07-09,-0.69
1642,2013-07-08,0.3
1643,2013-07-05,-0.63
1644,2013-07-04,-0.74
1645,2013-07-03,0.23
1646,2013-07-02,-0.65
1647,2013-07-01,0.42
1648,2013-06-28,-0.21
1649,2013-06-27,0.19
1650,2013-06-26,-0.56
1651,2013-06-25,-0.26
1652,2013-06-24,-0.03
1653,2013-06-21,-0.73
1654,2013-06-20,-0.56
1655,2013-06-19,-0.74
1656,2013-06-18,0.19
1657,2013-06-17,0.16
1658,2013-06-14,-0.21
1659,2013-06-13,0.28
1660,2013-06-12,0.17
1661,2013-06-11,0.44
1662,2013-06-10,0.26
1663,2013-06-07,-0.18
1664,2013-06-06,1.17
1665,2013-06-05,0.1
1666,2013-06-04,0.04
1667,2013-06-03,0.59
1668,2013-05-31,-0.39
1669,2013-05-30,0.84
1670,2013-05-29,0.66
1671,2013-05-28,-0.59
1672,2013-05-27,0.0
1673,2013-05-24,-0.03
1674,2013-05-23,0.61
1675,2013-05-22,-0.37
1676,2013-05-21,0.18
1677,2013-05-20,0.34
1678,2013-05-17,-0.33
1679,2013-05-16,-0.04
1680,2013-05-15,-0.26
1681,2013-05-14,-0.43
1682,2013-05-13,-0.13
1683,2013-05-10,-0.38
1684,2013-05-09,-0.83
1685,2013-05-08,0.56
1686,2013-05-07,0.02
1687,2013-05-06,-0.3
1688,2013-05-03,0.39
1689,2013-05-02,-0.88
1690,2013-05-01,0.1
1691,2013-04-30,0.51
1692,2013-04-29,0.55
1693,2013-04-26,0.12
1694,2013-04-25,-0.02
1695,2013-04-24,0.13
1696,2013-04-23,-0.52
1697,2013-04-22,0.11
1698,2013-04-19,0.0
1699,2013-04-18,0.17
1700,2013-04-17,-1.12
1701,2013-04-16,1.09
1702,2013-04-15,-0.58
1703,2013-04-12,0.07
1704,2013-04-11,0.25
1705,2013-04-10,-0.09
1706,2013-04-09,0.56
1707,2013-04-08,0.15
1708,2013-04-05,0.42
1709,2013-04-04,0.66
1710,2013-04-03,0.24
1711,2013-04-02,-0.23
1712,2013-04-01,0.23
1713,2013-03-29,0.03
1714,2013-03-28,0.28
1715,2013-03-27,-0.63
1716,2013-03-26,0.07
1717,2013-03-25,-1.05
1718,2013-03-22,0.7
1719,2013-03-21,-0.27
1720,2013-03-20,0.39
1721,2013-03-19,-0.56
1722,2013-03-18,-0.92
1723,2013-03-15,0.55
1724,2013-03-14,0.34
1725,2013-03-13,-0.56
1726,2013-03-12,-0.08
1727,2013-03-11,0.3
1728,2013-03-08,-0.76
1729,2013-03-07,1.07
1730,2013-03-06,-0.64
1731,2013-03-05,0.19
1732,2013-03-04,0.03
1733,2013-03-01,-0.26
1734,2013-02-28,-0.63
1735,2013-02-27,0.59
1736,2013-02-26,0.0
1737,2013-02-25,-0.97
1738,2013-02-22,0.01
1739,2013-02-21,-0.69
1740,2013-02-20,-0.8
1741,2013-02-19,0.27
1742,2013-02-18,-0.08
1743,2013-02-15,0.01
1744,2013-02-14,-0.68
1745,2013-02-13,-0.01
1746,2013-02-12,0.35
1747,2013-02-11,0.31
1748,2013-02-08,-0.23
1749,2013-02-07,-0.94
1750,2013-02-06,-0.45
1751,2013-02-05,0.52
1752,2013-02-04,-0.92
1753,2013-02-01,0.45
1754,2013-01-31,0.08
1755,2013-01-30,0.56
1756,2013-01-29,0.27
1757,2013-01-28,-0.04
1758,2013-01-25,0.64
1759,2013-01-24,0.44
1760,2013-01-23,-0.02
1761,2013-01-22,0.05
1762,2013-01-21,-0.04
1763,2013-01-18,-0.43
1764,2013-01-17,0.65
1765,2013-01-16,-0.11
1766,2013-01-15,-0.59
1767,2013-01-14,0.29
1768,2013-01-11,0.55
1769,2013-01-10,1.58
1770,2013-01-09,-0.15
1771,2013-01-08,-0.26
1772,2013-01-07,0.37
1773,2013-01-04,0.16
1774,2013-01-03,-1.05
1775,2013-01-02,-0.14
1776,2013-01-01,0.07
1777,2012-12-31,-0.15
1778,2012-12-28,-0.15
1779,2012-12-27,0.09
1780,2012-12-26,0.31
1781,2012-12-25,-0.02
1782,2012-12-24,-0.02
1783,2012-12-21,-0.42
1784,2012-12-20,0.12
1785,2012-12-19,-0.02
1786,2012-12-18,0.49
1787,2012-12-17,0.02
1788,2012-12-14,0.65
1789,2012-12-13,0.03
1790,2012-12-12,0.52
1791,2012-12-11,0.5
1792,2012-12-10,0.11
1793,2012-12-07,-0.32
1794,2012-12-06,-0.77
1795,2012-12-05,-0.2
1796,2012-12-04,0.31
1797,2012-12-03,0.52
1798,2012-11-30,0.06
1799,2012-11-29,0.19
1800,2012-11-28,0.06
1801,2012-11-27,-0.22
1802,2012-11-26,-0.02
1803,2012-11-23,0.72
1804,2012-11-22,0.42
1805,2012-11-21,0.09
1806,2012-11-20,0.04
1807,2012-11-19,0.54
1808,2012-11-16,-0.28
1809,2012-11-15,0.35
1810,2012-11-14,0.25
1811,2012-11-13,-0.05
1812,2012-11-12,0.01
1813,2012-11-09,-0.3
1814,2012-11-08,-0.19
1815,2012-11-07,-0.34
1816,2012-11-06,0.13
1817,2012-11-05,-0.31
1818,2012-11-02,-0.81
1819,2012-11-01,-0.14
1820,2012-10-31,0.01
1821,2012-10-30,0.43
1822,2012-10-29,-0.29
1823,2012-10-26,0.06
1824,2012-10-25,-0.31
1825,2012-10-24,-0.09
1826,2012-10-23,-0.57
1827,2012-10-22,0.29
1828,2012-10-19,-0.34
1829,2012-10-18,-0.4
1830,2012-10-17,0.5
1831,2012-10-16,0.8
1832,2012-10-15,0.0
1833,2012-10-12,0.18
1834,2012-10-11,0.4
1835,2012-10-10,-0.08
1836,2012-10-09,-0.66
1837,2012-10-08,-0.49
1838,2012-10-05,0.12
1839,2012-10-04,0.87
1840,2012-10-03,-0.11
1841,2012-10-02,0.24
1842,2012-10-01,0.24
1843,2012-09-28,-0.43
1844,2012-09-27,0.33
1845,2012-09-26,-0.22
1846,2012-09-25,-0.24
1847,2012-09-24,-0.38
1848,2012-09-21,0.08
1849,2012-09-20,-0.61
1850,2012-09-19,0.0
1851,2012-09-18,-0.53
1852,2012-09-17,-0.08
1853,2012-09-14,1.06
1854,2012-09-13,0.69
1855,2012-09-12,0.35
1856,2012-09-11,0.75
1857,2012-09-10,-0.44
1858,2012-09-07,1.46
1859,2012-09-06,0.24
1860,2012-09-05,0.27
1861,2012-09-04,-0.21
1862,2012-09-03,0.14
1863,2012-08-31,0.57
1864,2012-08-30,-0.18
1865,2012-08-29,-0.29
1866,2012-08-28,0.52
1867,2012-08-27,-0.1
1868,2012-08-24,-0.41
1869,2012-08-23,0.29
1870,2012-08-22,0.45
1871,2012-08-21,1.04
1872,2012-08-20,0.08
1873,2012-08-17,-0.17
1874,2012-08-16,0.54
1875,2012-08-15,-0.27
1876,2012-08-14,-0.08
1877,2012-08-13,0.34
1878,2012-08-10,-0.13
1879,2012-08-09,-0.48
1880,2012-08-08,-0.29
1881,2012-08-07,0.0
1882,2012-08-06,0.11
1883,2012-08-03,1.7
1884,2012-08-02,-0.38
1885,2012-08-01,-0.63
1886,2012-07-31,0.36
1887,2012-07-30,-0.48
1888,2012-07-27,0.29
1889,2012-07-26,1.02
1890,2012-07-25,0.82
1891,2012-07-24,-0.45
1892,2012-07-23,-0.35
1893,2012-07-20,-1.0
1894,2012-07-19,-0.03
1895,2012-07-18,-0.08
1896,2012-07-17,0.17
1897,2012-07-16,0.17
1898,2012-07-13,0.44
1899,2012-07-12,-0.33
1900,2012-07-11,-0.11
1901,2012-07-10,-0.54
1902,2012-07-09,0.25
1903,2012-07-06,-0.85
1904,2012-07-05,-1.04
1905,2012-07-04,-0.67
1906,2012-07-03,0.17
1907,2012-07-02,-0.58
1908,2012-06-29,1.77
1909,2012-06-28,-0.24
1910,2012-06-27,-0.16
1911,2012-06-26,-0.12
1912,2012-06-25,-0.52
1913,2012-06-22,0.21
1914,2012-06-21,-1.26
1915,2012-06-20,0.13
1916,2012-06-19,0.89
1917,2012-06-18,-0.49
1918,2012-06-15,0.06
1919,2012-06-14,0.6
1920,2012-06-13,0.34
1921,2012-06-12,0.3
1922,2012-06-11,-0.34
1923,2012-06-08,-0.36
1924,2012-06-07,-0.08
1925,2012-06-06,0.95
1926,2012-06-05,-0.35
1927,2012-06-04,0.51
1928,2012-06-01,0.61
1929,2012-05-31,-0.09
1930,2012-05-30,-1.02
1931,2012-05-29,-0.35
1932,2012-05-28,0.2
1933,2012-05-25,-0.15
1934,2012-05-24,-0.4
1935,2012-05-23,-0.77
1936,2012-05-22,-1.01
1937,2012-05-21,0.24
1938,2012-05-18,0.7
1939,2012-05-17,-0.17
1940,2012-05-16,-0.12
1941,2012-05-15,-0.74
1942,2012-05-14,-0.7
1943,2012-05-11,-0.15
1944,2012-05-10,0.02
1945,2012-05-09,-0.54
1946,2012-05-08,-0.39
1947,2012-05-07,-0.22
1948,2012-05-04,-0.52
1949,2012-05-03,-0.04
1950,2012-05-02,-0.62
1951,2012-05-01,-0.02
1952,2012-04-30,-0.11
1953,2012-04-27,0.35
1954,2012-04-26,-0.11
1955,2012-04-25,0.22
1956,2012-04-24,0.3
1957,2012-04-23,-0.52
1958,2012-04-20,0.67
1959,2012-04-19,0.11
1960,2012-04-18,-0.03
1961,2012-04-17,-0.11
1962,2012-04-16,0.47
1963,2012-04-13,-0.83
1964,2012-04-12,0.58
1965,2012-04-11,0.22
1966,2012-04-10,-0.16
1967,2012-04-09,0.05
1968,2012-04-06,0.24
1969,2012-04-05,-0.59
1970,2012-04-04,-0.7
1971,2012-04-03,-0.67
1972,2012-04-02,-0.16
1973,2012-03-30,0.32
1974,2012-03-29,-0.11
1975,2012-03-28,-0.01
1976,2012-03-27,-0.3
1977,2012-03-26,0.64
1978,2012-03-23,0.57
1979,2012-03-22,-0.11
1980,2012-03-21,-0.1
1981,2012-03-20,-0.12
1982,2012-03-19,0.5
1983,2012-03-16,0.7
1984,2012-03-15,0.41
1985,2012-03-14,-0.42
1986,2012-03-13,-0.54
1987,2012-03-12,0.31
1988,2012-03-09,-1.18
1989,2012-03-08,0.92
1990,2012-03-07,0.27
1991,2012-03-06,-0.78
1992,2012-03-05,0.11
1993,2012-03-02,-0.82
1994,2012-03-01,-0.11
1995,2012-02-29,-1.07
1996,2012-02-28,0.52
1997,2012-02-27,-0.42
1998,2012-02-24,0.66
1999,2012-02-23,0.94
2000,2012-02-22,0.03
2001,2012-02-21,0.01
2002,2012-02-20,0.67
2003,2012-02-17,0.08
2004,2012-02-16,0.54
2005,2012-02-15,-0.37
2006,2012-02-14,-0.57
2007,2012-02-13,0.14
2008,2012-02-10,-0.81
2009,2012-02-09,0.19
2010,2012-02-08,-0.06
2011,2012-02-07,1.01
2012,2012-02-06,-0.08
2013,2012-02-03,-0.02
2014,2012-02-02,-0.1
2015,2012-02-01,0.61
2016,2012-01-31,-0.37
2017,2012-01-30,-0.75
2018,2012-01-27,0.96
2019,2012-01-26,-0.08
2020,2012-01-25,0.68
2021,2012-01-24,-0.06
2022,2012-01-23,0.71
2023,2012-01-20,-0.21
2024,2012-01-19,0.86
2025,2012-01-18,0.89
2026,2012-01-17,0.6
2027,2012-01-16,-0.1
2028,2012-01-13,-1.16
2029,2012-01-12,0.96
2030,2012-01-11,-0.53
2031,2012-01-10,0.04
2032,2012-01-09,0.36
2033,2012-01-06,-0.46
2034,2012-01-05,-1.25
2035,2012-01-04,-0.84
2036,2012-01-03,0.94
2037,2012-01-02,-0.15
2038,2011-12-30,-0.11
2039,2011-12-29,0.2
2040,2011-12-28,-1.01
2041,2011-12-27,0.06
2042,2011-12-26,0.13
2043,2011-12-23,-0.06
2044,2011-12-22,0.05
2045,2011-12-21,-0.26
2046,2011-12-20,0.65
2047,2011-12-19,-0.31
2048,2011-12-16,0.13
2049,2011-12-15,0.29
2050,2011-12-14,-0.41
2051,2011-12-13,-1.15
2052,2011-12-12,-1.41
2053,2011-12-09,0.22
2054,2011-12-08,-0.5
2055,2011-12-07,0.07
2056,2011-12-06,0.0
2057,2011-12-05,0.0
2058,2011-12-02,-0.45
2059,2011-12-01,0.16
2060,2011-11-30,0.84
2061,2011-11-29,0.16
2062,2011-11-28,0.57
2063,2011-11-25,-0.87
2064,2011-11-24,0.11
2065,2011-11-23,-1.32
2066,2011-11-22,0.14
2067,2011-11-21,-0.11
2068,2011-11-18,0.37
2069,2011-11-17,-0.02
2070,2011-11-16,-0.52
2071,2011-11-15,-0.68
2072,2011-11-14,-0.92
2073,2011-11-11,1.1
2074,2011-11-10,0.42
2075,2011-11-09,-2.11
2076,2011-11-08,0.45
2077,2011-11-07,-0.14
2078,2011-11-04,-0.14
2079,2011-11-03,0.5
2080,2011-11-02,0.37
2081,2011-11-01,-1.16
2082,2011-10-31,-2.06
2083,2011-10-28,-0.31
2084,2011-10-27,2.09
2085,2011-10-26,-0.03
2086,2011-10-25,-0.14
2087,2011-10-24,0.21
2088,2011-10-21,0.86
2089,2011-10-20,0.15
2090,2011-10-19,0.12
2091,2011-10-18,-0.02
2092,2011-10-17,-0.97
2093,2011-10-14,0.73
2094,2011-10-13,-0.08
2095,2011-10-12,1.04
2096,2011-10-11,0.01
2097,2011-10-10,1.99
2098,2011-10-07,-0.41
2099,2011-10-06,0.63
2100,2011-10-05,0.06
2101,2011-10-04,1.3
2102,2011-10-03,-1.62
2103,2011-09-30,-1.53
2104,2011-09-29,0.38
2105,2011-09-28,-0.37
2106,2011-09-27,0.38
2107,2011-09-26,0.31
2108,2011-09-23,0.28
2109,2011-09-22,-0.78
2110,2011-09-21,-1.02
2111,2011-09-20,0.15
2112,2011-09-19,-0.83
2113,2011-09-16,-0.56
2114,2011-09-15,0.95
2115,2011-09-14,0.47
2116,2011-09-13,0.07
2117,2011-09-12,0.15
2118,2011-09-09,-1.65
2119,2011-09-08,-1.53
2120,2011-09-07,0.69
2121,2011-09-06,-0.65
2122,2011-09-05,-0.8
2123,2011-09-02,-0.38
2124,2011-09-01,-0.83
2125,2011-08-31,-0.46
2126,2011-08-30,-0.44
2127,2011-08-29,0.08
2128,2011-08-26,0.83
2129,2011-08-25,-0.23
2130,2011-08-24,-0.17
2131,2011-08-23,0.54
2132,2011-08-22,-0.26
2133,2011-08-19,0.47
2134,2011-08-18,-0.65
2135,2011-08-17,0.11
2136,2011-08-16,-0.26
2137,2011-08-15,1.38
2138,2011-08-12,0.04
2139,2011-08-11,0.49
2140,2011-08-10,-1.36
2141,2011-08-09,1.36
2142,2011-08-08,-0.74
2143,2011-08-05,1.23
2144,2011-08-04,-1.51
2145,2011-08-03,0.93
2146,2011-08-02,-0.41
2147,2011-08-01,-1.01
2148,2011-07-29,0.45
2149,2011-07-28,-0.24
2150,2011-07-27,-1.01
2151,2011-07-26,0.95
2152,2011-07-25,0.14
2153,2011-07-22,-0.46
2154,2011-07-21,1.43
2155,2011-07-20,0.45
2156,2011-07-19,0.32
2157,2011-07-18,-0.3
2158,2011-07-15,0.06
2159,2011-07-14,-0.27
2160,2011-07-13,1.47
2161,2011-07-12,-0.41
2162,2011-07-11,-1.64
2163,2011-07-08,-0.63
2164,2011-07-07,0.3
2165,2011-07-06,-0.73
2166,2011-07-05,-0.81
2167,2011-07-04,0.11
2168,2011-07-01,0.13
2169,2011-06-30,0.48
2170,2011-06-29,0.47
2171,2011-06-28,0.6
2172,2011-06-27,0.64
2173,2011-06-24,-0.46
2174,2011-06-23,-0.66
2175,2011-06-22,-0.37
2176,2011-06-21,0.68
2177,2011-06-20,-0.01
2178,2011-06-17,0.69
2179,2011-06-16,0.32
2180,2011-06-15,-1.89
2181,2011-06-14,0.17
2182,2011-06-13,0.48
2183,2011-06-10,-1.1
2184,2011-06-09,-0.47
2185,2011-06-08,-0.78
2186,2011-06-07,0.78
2187,2011-06-06,-0.41
2188,2011-06-03,1.01
2189,2011-06-02,1.24
2190,2011-06-01,-0.57
2191,2011-05-31,0.81
2192,2011-05-30,-0.31
2193,2011-05-27,1.31
2194,2011-05-26,0.37
2195,2011-05-25,-0.12
2196,2011-05-24,0.38
2197,2011-05-23,-0.73
2198,2011-05-20,-1.11
2199,2011-05-19,0.48
2200,2011-05-18,0.06
2201,2011-05-17,0.59
2202,2011-05-16,0.23
2203,2011-05-13,-0.86
2204,2011-05-12,0.32
2205,2011-05-11,-1.46
2206,2011-05-10,0.3
2207,2011-05-09,0.38
2208,2011-05-06,-1.59
2209,2011-05-05,-1.91
2210,2011-05-04,-0.03
2211,2011-05-03,0.01
2212,2011-05-02,0.17
2213,2011-04-29,-0.15
2214,2011-04-28,0.32
2215,2011-04-27,0.91
2216,2011-04-26,0.43
2217,2011-04-25,0.17
2218,2011-04-22,0.03
2219,2011-04-21,0.23
2220,2011-04-20,1.26
2221,2011-04-19,0.72
2222,2011-04-18,-1.37
2223,2011-04-15,-0.39
2224,2011-04-14,0.33
2225,2011-04-13,-0.25
2226,2011-04-12,0.29
2227,2011-04-11,-0.32
2228,2011-04-08,1.24
2229,2011-04-07,-0.2
2230,2011-04-06,0.77
2231,2011-04-05,0.01
2232,2011-04-04,-0.06
2233,2011-04-01,0.45
2234,2011-03-31,0.28
2235,2011-03-30,0.11
2236,2011-03-29,0.18
2237,2011-03-28,0.01
2238,2011-03-25,-0.64
2239,2011-03-24,0.65
2240,2011-03-23,-0.84
2241,2011-03-22,-0.18
2242,2011-03-21,0.34
2243,2011-03-18,1.12
2244,2011-03-17,0.86
2245,2011-03-16,-0.66
2246,2011-03-15,0.04
2247,2011-03-14,0.58
2248,2011-03-11,0.84
2249,2011-03-10,-0.82
2250,2011-03-09,0.03
2251,2011-03-08,-0.49
2252,2011-03-07,-0.09
2253,2011-03-04,0.14
2254,2011-03-03,0.74
2255,2011-03-02,0.64
2256,2011-03-01,-0.19
2257,2011-02-28,0.37
2258,2011-02-25,-0.38
2259,2011-02-24,0.41
2260,2011-02-23,0.68
2261,2011-02-22,-0.17
2262,2011-02-21,-0.15
2263,2011-02-18,0.7
2264,2011-02-17,0.25
2265,2011-02-16,0.58
2266,2011-02-15,0.03
2267,2011-02-14,-0.46
2268,2011-02-11,-0.34
2269,2011-02-10,-0.99
2270,2011-02-09,0.71
2271,2011-02-08,0.34
2272,2011-02-07,0.01
2273,2011-02-04,-0.34
2274,2011-02-03,-1.25
2275,2011-02-02,-0.21
2276,2011-02-01,1.08
2277,2011-01-31,0.54
2278,2011-01-28,-0.83
2279,2011-01-27,0.21
2280,2011-01-26,0.06
2281,2011-01-25,0.34
2282,2011-01-24,0.18
2283,2011-01-21,1.04
2284,2011-01-20,0.07
2285,2011-01-19,0.66
2286,2011-01-18,0.65
2287,2011-01-17,-0.62
2288,2011-01-14,0.17
2289,2011-01-13,1.65
2290,2011-01-12,1.23
2291,2011-01-11,0.26
2292,2011-01-10,0.19
2293,2011-01-07,-0.63
2294,2011-01-06,-1.15
2295,2011-01-05,-1.14
2296,2011-01-04,-0.37
2297,2011-01-03,-0.19
2298,2010-12-31,0.72
2299,2010-12-30,0.45
2300,2010-12-29,0.79
2301,2010-12-28,-0.31
2302,2010-12-27,0.33
2303,2010-12-24,-0.02
2304,2010-12-23,0.15
2305,2010-12-22,0.03
2306,2010-12-21,-0.19
2307,2010-12-20,-0.46
2308,2010-12-17,-0.43
2309,2010-12-16,0.2
2310,2010-12-15,-1.28
2311,2010-12-14,-0.05
2312,2010-12-13,1.19
2313,2010-12-10,-0.08
2314,2010-12-09,-0.11
2315,2010-12-08,-0.04
2316,2010-12-07,-0.32
2317,2010-12-06,-0.81
2318,2010-12-03,1.42
2319,2010-12-02,0.64
2320,2010-12-01,1.26
2321,2010-11-30,-1.07
2322,2010-11-29,-0.92
2323,2010-11-26,-0.9
2324,2010-11-25,0.23
2325,2010-11-24,-0.31
2326,2010-11-23,-1.86
2327,2010-11-22,-0.45
2328,2010-11-19,0.31
2329,2010-11-18,0.93
2330,2010-11-17,0.19
2331,2010-11-16,-0.68
2332,2010-11-15,-0.78
2333,2010-11-12,0.26
2334,2010-11-11,-0.91
2335,2010-11-10,0.04
2336,2010-11-09,-1.02
2337,2010-11-08,-0.81
2338,2010-11-05,-1.17
2339,2010-11-04,0.39
2340,2010-11-03,0.75
2341,2010-11-02,1.07
2342,2010-11-01,-0.42
2343,2010-10-29,0.13
2344,2010-10-28,1.18
2345,2010-10-27,-0.66
2346,2010-10-26,-0.75
2347,2010-10-25,0.1
2348,2010-10-22,0.23
2349,2010-10-21,-0.34
2350,2010-10-20,1.69
2351,2010-10-19,-1.53
2352,2010-10-18,-0.22
2353,2010-10-15,-0.72
2354,2010-10-14,0.85
2355,2010-10-13,0.27
2356,2010-10-12,0.37
2357,2010-10-11,-0.49
2358,2010-10-08,0.11
2359,2010-10-07,-0.07
2360,2010-10-06,0.74
2361,2010-10-05,1.11
2362,2010-10-04,-0.8
2363,2010-10-01,1.17
2364,2010-09-30,0.03
2365,2010-09-29,0.35
2366,2010-09-28,0.93
2367,2010-09-27,-0.25
2368,2010-09-24,1.34
2369,2010-09-23,-0.66
2370,2010-09-22,1.12
2371,2010-09-21,1.42
2372,2010-09-20,0.14
2373,2010-09-17,-0.21
2374,2010-09-16,0.55
2375,2010-09-15,0.07
2376,2010-09-14,0.9
2377,2010-09-13,1.58
2378,2010-09-10,-0.11
2379,2010-09-09,-0.23
2380,2010-09-08,0.32
2381,2010-09-07,-1.48
2382,2010-09-06,-0.18
2383,2010-09-03,0.55
2384,2010-09-02,0.11
2385,2010-09-01,0.99
2386,2010-08-31,0.18
2387,2010-08-30,-0.79
2388,2010-08-27,0.35
2389,2010-08-26,0.49
2390,2010-08-25,0.26
2391,2010-08-24,-0.26
2392,2010-08-23,-0.39
2393,2010-08-20,-0.88
2394,2010-08-19,-0.28
2395,2010-08-18,-0.19
2396,2010-08-17,0.43
2397,2010-08-16,0.58
2398,2010-08-13,-0.56
2399,2010-08-12,-0.07
2400,2010-08-11,-2.62
2401,2010-08-10,-0.43
2402,2010-08-09,-0.38
2403,2010-08-06,0.7
2404,2010-08-05,0.24
2405,2010-08-04,-0.51
2406,2010-08-03,0.35
2407,2010-08-02,1.03
2408,2010-07-30,-0.24
2409,2010-07-29,0.66
2410,2010-07-28,-0.02
2411,2010-07-27,0.0
2412,2010-07-26,0.68
2413,2010-07-23,0.12
2414,2010-07-22,1.05
2415,2010-07-21,-1.0
2416,2010-07-20,-0.42
2417,2010-07-19,0.05
2418,2010-07-16,-0.05
2419,2010-07-15,1.55
2420,2010-07-14,0.1
2421,2010-07-13,1.1
2422,2010-07-12,-0.37
2423,2010-07-09,-0.45
2424,2010-07-08,0.47
2425,2010-07-07,0.09
2426,2010-07-06,0.67
2427,2010-07-05,-0.18
2428,2010-07-02,0.35
2429,2010-07-01,2.31
2430,2010-06-30,0.44
2431,2010-06-29,-0.79
2432,2010-06-28,-0.79
2433,2010-06-25,0.35
2434,2010-06-24,0.15
2435,2010-06-23,0.38
2436,2010-06-22,-0.32
2437,2010-06-21,-0.64
2438,2010-06-18,0.06
2439,2010-06-17,0.58
2440,2010-06-16,-0.13
2441,2010-06-15,0.87
2442,2010-06-14,0.87
2443,2010-06-11,0.03
2444,2010-06-10,1.03
2445,2010-06-09,0.09
2446,2010-06-08,0.5
2447,2010-06-07,-0.51
2448,2010-06-04,-1.49
2449,2010-06-03,-0.77
2450,2010-06-02,0.2
2451,2010-06-01,-0.64
2452,2010-05-31,0.29
2453,2010-05-28,-0.8
2454,2010-05-27,1.65
2455,2010-05-26,-1.59
2456,2010-05-25,0.1
2457,2010-05-24,-1.75
2458,2010-05-21,0.84
2459,2010-05-20,0.31
2460,2010-05-19,2.02
2461,2010-05-18,-1.71
2462,2010-05-17,0.26
2463,2010-05-14,-1.33
2464,2010-05-13,-0.73
2465,2010-05-12,-0.26
2466,2010-05-11,-0.99
2467,2010-05-10,0.16
2468,2010-05-07,0.84
2469,2010-05-06,-1.23
2470,2010-05-05,-1.29
2471,2010-05-04,-1.61
2472,2010-05-03,-0.78
2473,2010-04-30,0.55
2474,2010-04-29,0.08
2475,2010-04-28,0.37
2476,2010-04-27,-1.73
2477,2010-04-26,0.08
2478,2010-04-23,0.7
2479,2010-04-22,-0.7
2480,2010-04-21,-0.38
2481,2010-04-20,-0.35
2482,2010-04-19,-0.1
2483,2010-04-16,-0.6
2484,2010-04-15,-0.53
2485,2010-04-14,0.34
2486,2010-04-13,0.15
2487,2010-04-12,0.64
2488,2010-04-09,1.04
2489,2010-04-08,0.15
2490,2010-04-07,-0.44
2491,2010-04-06,-0.65
2492,2010-04-05,-0.13
2493,2010-04-02,-0.57
2494,2010-04-01,0.52
2495,2010-03-31,0.74
2496,2010-03-30,-0.48
2497,2010-03-29,0.48
2498,2010-03-26,1.01
2499,2010-03-25,-0.26
2500,2010-03-24,-1.38
2501,2010-03-23,-0.41
2502,2010-03-22,0.16
2503,2010-03-19,-0.54
2504,2010-03-18,-0.95
2505,2010-03-17,-0.25
2506,2010-03-16,0.7
2507,2010-03-15,-0.63
2508,2010-03-12,0.61
2509,2010-03-11,0.14
2510,2010-03-10,0.43
2511,2010-03-09,-0.21
2512,2010-03-08,0.06
2513,2010-03-05,0.31
2514,2010-03-04,-0.88
2515,2010-03-03,0.7
2516,2010-03-02,0.32
2517,2010-03-01,-0.48
2518,2010-02-26,0.52
2519,2010-02-25,0.18
2520,2010-02-24,0.19
2521,2010-02-23,-0.68
2522,2010-02-22,-0.12
2523,2010-02-19,-0.01
2524,2010-02-18,0.08
2525,2010-02-17,-1.18
2526,2010-02-16,1.25
2527,2010-02-15,-0.14
2528,2010-02-12,-0.47
2529,2010-02-11,-0.33
2530,2010-02-10,-0.46
2531,2010-02-09,1.0
2532,2010-02-08,-0.08
2533,2010-02-05,-0.52
2534,2010-02-04,-1.17
2535,2010-02-03,-0.46
2536,2010-02-02,0.24
2537,2010-02-01,0.47
2538,2010-01-29,-0.71
2539,2010-01-28,-0.4
2540,2010-01-27,-0.4
2541,2010-01-26,-0.54
2542,2010-01-25,0.1
2543,2010-01-22,0.33
2544,2010-01-21,-0.07
2545,2010-01-20,-1.4
2546,2010-01-19,-0.59
2547,2010-01-18,0.01
2548,2010-01-15,-0.81
2549,2010-01-14,-0.06
2550,2010-01-13,0.12
2551,2010-01-12,-0.13
2552,2010-01-11,0.7
2553,2010-01-08,0.66
2554,2010-01-07,-0.66
2555,2010-01-06,0.31
2556,2010-01-05,-0.31
2557,2010-01-04,0.61
2558,2010-01-01,0.06
2559,2009-12-31,-0.12
2560,2009-12-30,-0.13
2561,2009-12-29,-0.2
2562,2009-12-28,-0.1
2563,2009-12-25,0.15
2564,2009-12-24,0.34
2565,2009-12-23,0.54
2566,2009-12-22,-0.24
2567,2009-12-21,-0.41
2568,2009-12-18,-0.01
2569,2009-12-17,-1.32
2570,2009-12-16,0.01
2571,2009-12-15,-0.82
2572,2009-12-14,0.23
2573,2009-12-11,-0.76
2574,2009-12-10,0.05
2575,2009-12-09,0.19
2576,2009-12-08,-0.81
2577,2009-12-07,-0.22
2578,2009-12-04,-1.45
2579,2009-12-03,0.16
2580,2009-12-02,-0.28
2581,2009-12-01,0.53
2582,2009-11-30,0.28
2583,2009-11-27,-0.31
2584,2009-11-26,-0.84
2585,2009-11-25,1.2
2586,2009-11-24,-0.03
2587,2009-11-23,0.71
2588,2009-11-20,-0.38
2589,2009-11-19,-0.31
2590,2009-11-18,0.66
2591,2009-11-17,-0.71
2592,2009-11-16,0.38
2593,2009-11-13,0.5
2594,2009-11-12,-0.93
2595,2009-11-11,0.0
2596,2009-11-10,-0.07
2597,2009-11-09,0.98
2598,2009-11-06,-0.22
2599,2009-11-05,0.02
2600,2009-11-04,1.11
2601,2009-11-03,-0.37
2602,2009-11-02,0.35
2603,2009-10-30,-0.78
2604,2009-10-29,0.83
2605,2009-10-28,-0.66
2606,2009-10-27,-0.41
2607,2009-10-26,-0.89
2608,2009-10-23,-0.13
2609,2009-10-22,0.09
2610,2009-10-21,0.48
2611,2009-10-20,-0.17
2612,2009-10-19,0.39
2613,2009-10-16,-0.26
2614,2009-10-15,0.13
2615,2009-10-14,0.45
2616,2009-10-13,0.58
2617,2009-10-12,0.29
2618,2009-10-09,-0.41
2619,2009-10-08,0.69
2620,2009-10-07,-0.2
2621,2009-10-06,0.46
2622,2009-10-05,0.54
2623,2009-10-02,0.27
2624,2009-10-01,-0.7
2625,2009-09-30,0.35
2626,2009-09-29,-0.25
2627,2009-09-28,-0.46
2628,2009-09-25,0.18
2629,2009-09-24,-0.48
2630,2009-09-23,-0.4
