"Fecha","Último","Apertura","Máximo","Mínimo","Vol.","% var."
"23.10.2019","13,08","13,12","13,13","13,04","-","-0,30%"
"22.10.2019","13,12","13,11","13,20","13,08","1,00M","-0,53%"
"21.10.2019","13,19","13,22","13,22","13,04","1,26M","-0,08%"
"18.10.2019","13,20","13,13","13,27","13,07","841,82K","-0,90%"
"17.10.2019","13,32","13,39","13,57","13,29","1,06M","-0,37%"
"16.10.2019","13,37","13,26","13,42","13,24","886,15K","0,68%"
"15.10.2019","13,28","13,26","13,35","13,20","996,20K","0,23%"
"14.10.2019","13,25","13,19","13,25","13,07","951,59K","0,30%"
"11.10.2019","13,21","12,92","13,21","12,88","1,36M","2,17%"
"10.10.2019","12,93","12,90","12,93","12,74","1,14M","0,62%"
"09.10.2019","12,85","12,95","13,00","12,78","1,39M","-0,77%"
"08.10.2019","12,95","12,91","12,98","12,84","1,03M","0,70%"
"07.10.2019","12,86","12,90","12,90","12,72","706,62K","0,08%"
"04.10.2019","12,85","12,78","12,86","12,67","852,28K","1,18%"
"03.10.2019","12,70","12,64","12,88","12,61","516,85K","0,40%"
"02.10.2019","12,65","12,85","12,85","12,64","719,09K","-1,79%"
"01.10.2019","12,88","12,88","12,91","12,77","1,44M","0,55%"
"30.09.2019","12,81","12,81","12,87","12,70","802,51K","0,08%"
"27.09.2019","12,80","12,93","12,93","12,71","656,47K","-0,70%"
"26.09.2019","12,89","12,62","12,92","12,60","1,03M","2,06%"
"25.09.2019","12,63","12,67","12,70","12,54","700,61K","-0,47%"
"24.09.2019","12,69","12,83","12,83","12,64","1,04M","-0,78%"
"23.09.2019","12,79","12,74","12,79","12,65","689,59K","0,16%"
"20.09.2019","12,77","12,70","12,82","12,63","1,90M","0,71%"
"19.09.2019","12,68","12,60","12,73","12,54","874,92K","0,79%"
"18.09.2019","12,58","12,20","12,59","12,20","1,62M","3,11%"
"17.09.2019","12,20","11,97","12,20","11,92","1,15M","2,26%"
"16.09.2019","11,93","11,93","12,04","11,89","694,94K","-0,25%"
"13.09.2019","11,96","11,94","11,96","11,85","715,19K","0,34%"
"12.09.2019","11,92","11,94","12,02","11,77","1,09M","0,17%"
"11.09.2019","11,90","12,00","12,00","11,81","1,04M","-0,34%"
"10.09.2019","11,94","12,09","12,10","11,86","1,16M","-1,00%"
"09.09.2019","12,06","12,08","12,14","12,02","489,33K","0,17%"
"06.09.2019","12,04","12,07","12,13","12,03","601,52K","-0,41%"
"05.09.2019","12,09","12,19","12,21","12,01","728,45K","-0,25%"
"04.09.2019","12,12","12,20","12,23","12,09","603,93K","0,50%"
"03.09.2019","12,06","12,05","12,18","12,05","701,44K","-0,25%"
"02.09.2019","12,09","12,15","12,19","12,06","941,50K","-0,58%"
"30.08.2019","12,16","12,02","12,22","12,02","815,97K","0,58%"
"29.08.2019","12,09","12,24","12,31","12,07","679,21K","-0,98%"
"28.08.2019","12,21","12,24","12,30","12,20","990,40K","-1,37%"
"27.08.2019","12,38","12,30","12,39","12,22","946,54K","0,32%"
"26.08.2019","12,34","12,14","12,40","12,13","390,90K","0,82%"
"23.08.2019","12,24","12,27","12,38","12,17","594,64K","-0,08%"
"22.08.2019","12,25","12,11","12,25","12,07","765,02K","0,66%"
"21.08.2019","12,17","12,22","12,27","12,07","397,40K","-0,16%"
"20.08.2019","12,19","12,28","12,34","12,15","439,98K","-0,65%"
"19.08.2019","12,27","12,24","12,28","12,19","454,84K","0,99%"
"16.08.2019","12,15","12,06","12,16","12,06","554,06K","0,58%"
"15.08.2019","12,08","12,14","12,23","11,98","550,22K","-0,25%"
"14.08.2019","12,11","12,10","12,13","12,02","719,41K","0,25%"
"13.08.2019","12,08","12,01","12,13","11,95","748,21K","0,25%"
"12.08.2019","12,05","12,15","12,22","12,02","612,85K","-0,50%"
"09.08.2019","12,11","11,90","12,11","11,86","1,11M","1,51%"
"08.08.2019","11,93","11,88","11,99","11,82","601,40K","0,68%"
"07.08.2019","11,85","11,74","11,87","11,74","607,28K","1,20%"
"06.08.2019","11,71","11,85","11,95","11,71","878,78K","-1,10%"
"05.08.2019","11,84","12,12","12,14","11,70","1,07M","-2,87%"
"02.08.2019","12,19","12,35","12,56","12,19","1,13M","-1,93%"
"01.08.2019","12,43","12,37","12,47","12,28","790,10K","0,65%"
"31.07.2019","12,35","12,38","12,44","12,27","851,78K","0,08%"
"30.07.2019","12,34","12,49","12,51","12,25","604,41K","-0,88%"
"29.07.2019","12,45","12,41","12,49","12,39","571,96K","0,32%"
"26.07.2019","12,41","12,55","12,55","12,33","630,73K","-0,88%"
"25.07.2019","12,52","12,55","12,63","12,44","551,25K","0,00%"
"24.07.2019","12,52","12,36","12,54","12,36","726,20K","0,97%"
"23.07.2019","12,40","12,31","12,43","12,24","699,42K","0,98%"
"22.07.2019","12,28","12,43","12,43","12,11","573,15K","-1,29%"
"19.07.2019","12,44","12,53","12,55","12,40","526,87K","-0,16%"
"18.07.2019","12,46","12,43","12,50","12,37","679,76K","-0,56%"
"17.07.2019","12,53","12,40","12,57","12,40","545,02K","0,89%"
"16.07.2019","12,42","12,48","12,48","12,35","583,47K","-0,64%"
"15.07.2019","12,50","12,47","12,52","12,37","469,86K","0,89%"
"12.07.2019","12,39","12,40","12,49","12,35","693,49K","-0,32%"
"11.07.2019","12,43","12,46","12,55","12,36","445,22K","0,00%"
"10.07.2019","12,43","12,58","12,58","12,39","468,11K","-1,35%"
"09.07.2019","12,60","12,49","12,60","12,49","802,36K","0,56%"
"08.07.2019","12,53","12,48","12,55","12,44","1,18M","0,40%"
"05.07.2019","12,48","12,58","12,63","12,44","477,58K","-0,79%"
"04.07.2019","12,58","12,54","12,64","12,45","892,00K","0,64%"
"03.07.2019","12,50","12,35","12,54","12,35","1,05M","1,21%"
"02.07.2019","12,35","12,21","12,35","12,15","692,92K","0,90%"
"01.07.2019","12,24","12,27","12,27","12,13","814,49K","0,33%"
"28.06.2019","12,20","11,89","12,20","11,88","1,19M","2,43%"
"27.06.2019","11,91","12,10","12,10","11,86","875,87K","-1,33%"
"26.06.2019","12,07","12,29","12,29","12,06","845,28K","-1,79%"
"25.06.2019","12,29","12,31","12,34","12,23","715,73K","-0,49%"
"24.06.2019","12,35","12,35","12,42","12,32","975,36K","-0,08%"
"21.06.2019","12,36","12,27","12,36","12,23","2,23M","0,98%"
"20.06.2019","12,24","12,24","12,37","12,15","964,49K","0,66%"
"19.06.2019","12,16","12,24","12,24","12,11","1,94M","-0,90%"
"18.06.2019","12,27","12,22","12,32","12,18","1,04M","0,57%"
"17.06.2019","12,20","12,28","12,30","12,18","1,03M","-0,33%"
"14.06.2019","12,24","12,27","12,28","12,20","725,78K","-0,33%"
"13.06.2019","12,28","12,20","12,39","12,19","891,06K","0,74%"
"12.06.2019","12,19","12,13","12,25","12,12","750,47K","0,00%"
"11.06.2019","12,19","12,20","12,26","12,11","669,33K","0,33%"
"10.06.2019","12,15","12,20","12,20","12,10","413,59K","0,00%"
"07.06.2019","12,15","11,94","12,15","11,90","1,45M","1,76%"
"06.06.2019","11,94","11,90","11,97","11,84","924,69K","0,59%"
"05.06.2019","11,87","11,75","11,88","11,66","803,74K","0,94%"
"04.06.2019","11,76","11,83","11,95","11,76","1,13M","-0,84%"
"03.06.2019","11,86","11,88","11,89","11,73","1,19M","-0,42%"
"31.05.2019","11,91","11,87","11,96","11,80","919,30K","-0,08%"
"30.05.2019","11,92","11,93","11,98","11,84","613,63K","-0,17%"
"29.05.2019","11,94","11,92","11,95","11,81","1,50M","0,08%"
"28.05.2019","11,93","12,06","12,10","11,87","1,18M","-1,00%"
"27.05.2019","12,05","12,06","12,18","12,02","498,28K","-0,25%"
"24.05.2019","12,08","11,90","12,08","11,83","777,54K","2,11%"
"23.05.2019","11,83","12,00","12,04","11,83","677,73K","-1,66%"
"22.05.2019","12,03","12,04","12,08","12,00","979,66K","0,17%"
"21.05.2019","12,01","11,95","12,04","11,91","1,36M","0,50%"
"20.05.2019","11,95","12,03","12,10","11,91","862,30K","-0,67%"
"17.05.2019","12,03","12,10","12,10","11,94","890,15K","-0,41%"
"16.05.2019","12,08","12,01","12,14","11,95","1,08M","0,25%"
"15.05.2019","12,05","12,01","12,11","12,00","686,69K","0,17%"
"14.05.2019","12,03","12,05","12,14","11,95","973,49K","-0,41%"
"13.05.2019","12,08","12,10","12,15","12,00","920,06K","-0,58%"
"10.05.2019","12,15","12,06","12,17","12,05","2,13M","0,83%"
"09.05.2019","12,05","12,05","12,12","12,01","990,00K","-0,66%"
"08.05.2019","12,13","12,30","12,30","12,13","760,47K","-1,14%"
"07.05.2019","12,27","12,23","12,40","12,17","2,18M","0,33%"
"06.05.2019","12,23","12,07","12,28","11,98","1,05M","0,25%"
"03.05.2019","12,20","12,06","12,20","11,99","1,70M","1,41%"
"02.05.2019","12,03","12,10","12,17","11,98","1,35M","-0,99%"
"30.04.2019","12,15","11,97","12,18","11,96","1,21M","1,25%"
"29.04.2019","12,00","12,00","12,18","11,94","786,60K","-1,18%"
"26.04.2019","12,14","12,17","12,18","12,02","1,80M","0,41%"
"25.04.2019","12,09","12,18","12,23","12,09","1,12M","-0,81%"
"24.04.2019","12,19","11,97","12,19","11,93","1,59M","1,99%"
"23.04.2019","11,95","11,99","12,00","11,89","1,08M","0,08%"
"18.04.2019","11,94","11,93","11,98","11,85","689,03K","0,33%"
"17.04.2019","11,90","11,98","11,98","11,84","1,62M","-0,41%"
"16.04.2019","11,95","11,90","11,96","11,80","1,36M","0,92%"
"15.04.2019","11,85","11,81","11,89","11,80","991,90K","0,42%"
"12.04.2019","11,80","11,85","11,85","11,71","827,38K","-0,16%"
"11.04.2019","11,81","11,80","11,85","11,76","973,80K","0,25%"
"10.04.2019","11,79","11,53","11,82","11,53","951,54K","2,07%"
"09.04.2019","11,55","11,65","11,78","11,55","838,77K","-0,86%"
"08.04.2019","11,65","11,71","11,81","11,64","802,40K","-0,59%"
"05.04.2019","11,72","11,90","11,90","11,72","932,02K","-1,26%"
"04.04.2019","11,86","11,90","11,95","11,84","1,84M","-0,08%"
"03.04.2019","11,88","11,72","11,88","11,68","841,74K","1,53%"
"02.04.2019","11,70","11,65","11,74","11,62","1,17M","0,59%"
"01.04.2019","11,63","11,58","11,70","11,51","1,01M","0,48%"
"29.03.2019","11,57","11,58","11,63","11,51","1,05M","0,17%"
"28.03.2019","11,55","11,55","11,61","11,50","742,25K","-0,30%"
"27.03.2019","11,59","11,51","11,59","11,49","1,11M","0,69%"
"26.03.2019","11,51","11,37","11,52","11,37","740,01K","1,04%"
"25.03.2019","11,39","11,33","11,44","11,32","836,65K","0,09%"
"22.03.2019","11,38","11,52","11,59","11,35","669,47K","-1,25%"
"21.03.2019","11,52","11,49","11,60","11,45","1,39M","0,00%"
"20.03.2019","11,52","11,51","11,58","11,48","1,19M","-0,25%"
"19.03.2019","11,55","11,53","11,60","11,48","1,18M","0,38%"
"18.03.2019","11,51","11,52","11,55","11,42","644,22K","0,09%"
"15.03.2019","11,50","11,55","11,63","11,45","2,35M","-0,51%"
"14.03.2019","11,56","11,46","11,66","11,42","1,28M","1,00%"
"13.03.2019","11,44","11,34","11,44","11,33","1,28M","1,14%"
"12.03.2019","11,31","11,34","11,44","11,28","845,30K","-0,09%"
"11.03.2019","11,32","11,28","11,32","11,23","875,90K","0,57%"
"08.03.2019","11,26","11,25","11,34","11,18","885,03K","0,00%"
"07.03.2019","11,26","11,24","11,31","11,17","733,17K","0,36%"
"06.03.2019","11,22","11,26","11,30","11,16","1,15M","-0,27%"
"05.03.2019","11,25","11,13","11,25","11,07","798,94K","1,48%"
"04.03.2019","11,09","11,20","11,27","11,07","875,40K","-0,97%"
"01.03.2019","11,19","11,42","11,45","11,19","1,09M","-1,10%"
"28.02.2019","11,32","11,06","11,37","11,01","1,08M","2,29%"
"27.02.2019","11,07","11,30","11,30","11,07","2,18M","-1,28%"
"26.02.2019","11,21","11,12","11,23","11,07","653,24K","0,57%"
"25.02.2019","11,15","11,15","11,27","11,13","793,40K","-0,13%"
"22.02.2019","11,16","11,23","11,24","11,08","1,17M","-0,61%"
"21.02.2019","11,23","11,39","11,45","11,23","1,91M","-1,31%"
"20.02.2019","11,38","11,26","11,46","11,20","1,69M","1,10%"
"19.02.2019","11,26","11,22","11,35","11,20","878,79K","0,31%"
"18.02.2019","11,22","11,22","11,23","11,16","583,66K","0,49%"
"15.02.2019","11,16","11,04","11,23","10,99","1,00M","0,99%"
"14.02.2019","11,06","11,16","11,18","11,05","857,16K","-0,32%"
"13.02.2019","11,09","11,17","11,24","11,09","668,06K","-0,66%"
"12.02.2019","11,16","11,22","11,31","11,16","700,49K","-0,45%"
"11.02.2019","11,22","11,31","11,37","11,21","603,45K","-0,22%"
"08.02.2019","11,24","11,31","11,43","11,23","943,18K","-0,79%"
"07.02.2019","11,33","11,28","11,39","11,26","881,31K","0,00%"
"06.02.2019","11,33","11,33","11,41","11,31","776,86K","0,00%"
"05.02.2019","11,33","11,43","11,44","11,22","958,46K","-1,43%"
"04.02.2019","11,49","11,49","11,59","11,41","1,41M","0,31%"
"01.02.2019","11,46","11,58","11,63","11,46","871,06K","-1,37%"
"31.01.2019","11,62","11,63","11,65","11,50","1,15M","-0,26%"
"30.01.2019","11,65","11,61","11,65","11,57","827,45K","0,22%"
"29.01.2019","11,62","11,56","11,65","11,52","1,08M","0,43%"
"28.01.2019","11,57","11,52","11,64","11,41","1,65M","0,51%"
"25.01.2019","11,51","11,51","11,58","11,16","2,30M","-1,65%"
"24.01.2019","11,71","11,62","11,73","11,60","919,53K","1,07%"
"23.01.2019","11,58","11,49","11,65","11,49","769,85K","0,77%"
"22.01.2019","11,49","11,46","11,61","11,46","651,71K","0,39%"
"21.01.2019","11,45","11,44","11,49","11,36","478,78K","0,21%"
"18.01.2019","11,42","11,42","11,50","11,38","816,33K","1,19%"
"17.01.2019","11,29","11,08","11,35","11,01","1,70M","2,02%"
"16.01.2019","11,07","10,97","11,15","10,90","1,44M","1,50%"
"15.01.2019","10,90","11,00","11,02","10,88","1,69M","-0,36%"
"14.01.2019","10,94","10,88","10,95","10,85","1,16M","-0,27%"
"11.01.2019","10,97","10,82","11,00","10,80","708,48K","1,70%"
"10.01.2019","10,79","10,81","10,95","10,78","1,11M","-0,22%"
"09.01.2019","10,81","10,98","11,02","10,77","1,36M","-1,45%"
"08.01.2019","10,97","10,72","11,02","10,71","970,87K","2,31%"
"07.01.2019","10,72","10,70","10,76","10,67","714,00K","0,14%"
"04.01.2019","10,71","10,71","10,81","10,59","1,06M","1,08%"
"03.01.2019","10,60","10,62","10,65","10,49","1,47M","-0,83%"
"02.01.2019","10,68","10,67","10,71","10,44","884,29K","-0,14%"
"31.12.2018","10,70","10,70","10,77","10,59","525,11K","1,60%"
"28.12.2018","10,53","10,55","10,66","10,42","1,17M","0,10%"
"27.12.2018","10,52","11,02","11,09","10,47","2,43M","-5,31%"
"24.12.2018","11,11","10,71","11,11","10,65","478,04K","3,95%"
"21.12.2018","10,69","10,52","10,69","10,46","3,12M","0,79%"
"20.12.2018","10,60","10,49","10,64","10,43","2,85M","-0,52%"
"19.12.2018","10,66","10,60","10,72","10,50","3,22M","0,76%"
"18.12.2018","10,58","10,81","10,87","10,58","1,77M","-2,87%"
"17.12.2018","10,89","11,05","11,09","10,89","942,35K","-1,08%"
"14.12.2018","11,01","10,95","11,05","10,76","851,96K","0,41%"
"13.12.2018","10,97","11,23","11,23","10,96","927,61K","-1,86%"
"12.12.2018","11,18","11,07","11,28","11,07","1,03M","1,48%"
"11.12.2018","11,01","10,99","11,07","10,82","1,33M","0,55%"
"10.12.2018","10,95","11,11","11,16","10,95","1,15M","-1,61%"
"07.12.2018","11,13","11,03","11,22","11,00","948,65K","1,08%"
"06.12.2018","11,01","10,87","11,04","10,86","1,56M","0,55%"
"05.12.2018","10,95","10,89","11,07","10,88","776,78K","-0,27%"
"04.12.2018","10,98","11,06","11,12","10,90","1,36M","-0,32%"
"03.12.2018","11,02","11,21","11,34","11,02","1,16M","-0,44%"
"30.11.2018","11,07","11,24","11,24","11,05","1,16M","-0,98%"
"29.11.2018","11,18","11,26","11,29","11,15","1,42M","-0,31%"
"28.11.2018","11,21","11,15","11,23","11,13","1,63M","1,07%"
"27.11.2018","11,09","11,06","11,14","11,04","1,05M","0,53%"
"26.11.2018","11,03","11,02","11,10","10,95","987,46K","0,87%"
"23.11.2018","10,94","10,80","11,01","10,80","891,82K","1,37%"
"22.11.2018","10,79","10,69","10,86","10,60","1,10M","1,03%"
"21.11.2018","10,68","10,67","10,77","10,55","1,50M","0,23%"
"20.11.2018","10,65","11,06","11,12","10,64","1,83M","-3,93%"
"19.11.2018","11,09","11,19","11,38","11,07","2,40M","-0,84%"
"16.11.2018","11,19","11,27","11,28","11,04","1,58M","-0,89%"
"15.11.2018","11,28","11,22","11,35","11,22","1,22M","0,67%"
"14.11.2018","11,21","11,30","11,32","11,17","749,27K","-0,83%"
"13.11.2018","11,30","11,33","11,34","11,22","441,97K","0,21%"
"12.11.2018","11,28","11,33","11,34","11,14","568,11K","-0,39%"
"09.11.2018","11,32","11,19","11,32","11,14","832,86K","1,24%"
"08.11.2018","11,19","11,04","11,23","10,98","1,19M","1,34%"
"07.11.2018","11,04","10,91","11,10","10,91","665,12K","1,14%"
"06.11.2018","10,91","10,83","10,94","10,82","702,38K","0,79%"
"05.11.2018","10,83","10,95","11,01","10,83","1,07M","-1,09%"
"02.11.2018","10,95","11,01","11,08","10,94","1,33M","-0,05%"
"01.11.2018","10,95","10,97","11,05","10,91","716,09K","-0,36%"
"31.10.2018","10,99","11,00","11,14","10,99","1,95M","0,00%"
"30.10.2018","10,99","11,18","11,20","10,95","810,61K","-1,07%"
"29.10.2018","11,11","11,21","11,27","11,08","946,98K","-0,57%"
"26.10.2018","11,18","11,19","11,23","11,09","1,19M","-0,75%"
"25.10.2018","11,26","11,07","11,30","11,06","2,28M","1,30%"
"24.10.2018","11,12","10,96","11,24","10,96","1,58M","1,59%"
"23.10.2018","10,94","10,88","10,99","10,83","861,77K","-0,14%"
"22.10.2018","10,96","11,26","11,27","10,94","1,03M","-1,52%"
"19.10.2018","11,13","11,32","11,32","11,12","1,45M","-1,71%"
"18.10.2018","11,32","11,19","11,34","11,16","1,11M","1,32%"
"17.10.2018","11,17","11,12","11,27","11,05","3,90M","-0,57%"
"16.10.2018","11,23","10,97","11,23","10,95","735,25K","2,77%"
"15.10.2018","10,93","10,95","10,98","10,84","905,26K","0,00%"
"12.10.2018","10,93","11,21","11,28","10,93","1,47M","-1,88%"
"11.10.2018","11,14","11,27","11,38","11,14","2,10M","-2,05%"
"10.10.2018","11,37","11,55","11,55","11,37","4,07M","-1,63%"
"09.10.2018","11,56","11,37","11,62","11,35","1,01M","1,92%"
"08.10.2018","11,34","11,31","11,40","11,23","1,02M","0,31%"
"05.10.2018","11,31","11,31","11,35","11,13","1,33M","-0,09%"
"04.10.2018","11,32","11,50","11,57","11,26","926,56K","-1,60%"
"03.10.2018","11,50","11,48","11,58","11,44","427,22K","0,17%"
"02.10.2018","11,48","11,58","11,62","11,48","1,30M","-1,15%"
"01.10.2018","11,62","11,60","11,68","11,59","631,02K","0,22%"
"28.09.2018","11,59","11,65","11,65","11,52","789,76K","-0,68%"
"27.09.2018","11,67","11,66","11,69","11,61","555,29K","-0,09%"
"26.09.2018","11,68","11,79","11,81","11,65","1,65M","-0,51%"
"25.09.2018","11,74","11,95","12,01","11,72","818,58K","-1,86%"
"24.09.2018","11,96","11,94","12,13","11,91","650,64K","0,13%"
"21.09.2018","11,95","11,98","12,03","11,93","1,72M","0,17%"
"20.09.2018","11,93","11,93","11,97","11,86","470,20K","0,00%"
"19.09.2018","11,93","11,92","11,97","11,86","1,16M","0,08%"
"18.09.2018","11,92","12,01","12,08","11,86","753,54K","0,54%"
"17.09.2018","11,85","11,73","11,98","11,65","838,78K","1,19%"
"14.09.2018","11,72","11,74","11,83","11,67","598,40K","0,39%"
"13.09.2018","11,67","11,85","11,93","11,67","575,25K","-1,51%"
"12.09.2018","11,85","11,75","11,90","11,72","814,00K","1,06%"
"11.09.2018","11,73","11,73","11,76","11,51","2,04M","-0,13%"
"10.09.2018","11,74","11,72","11,80","11,66","607,22K","0,30%"
"07.09.2018","11,71","11,72","11,76","11,66","1,29M","-0,26%"
"06.09.2018","11,74","11,71","11,79","11,65","1,43M","0,26%"
"05.09.2018","11,71","11,71","11,75","11,66","867,45K","-0,21%"
"04.09.2018","11,73","11,76","11,80","11,63","746,27K","-0,26%"
"03.09.2018","11,76","11,88","11,94","11,74","860,05K","-1,41%"
"31.08.2018","11,93","12,03","12,04","11,90","737,18K","-0,50%"
"30.08.2018","11,99","12,05","12,05","11,90","843,44K","-0,37%"
"29.08.2018","12,03","12,00","12,04","11,96","618,49K","0,67%"
"28.08.2018","11,95","12,10","12,10","11,94","482,19K","-0,71%"
"27.08.2018","12,04","11,98","12,06","11,97","311,91K","0,92%"
"24.08.2018","11,93","11,95","12,00","11,90","448,36K","-0,46%"
"23.08.2018","11,98","12,01","12,06","11,95","647,44K","-0,21%"
"22.08.2018","12,01","11,90","12,01","11,88","603,85K","0,87%"
"21.08.2018","11,90","11,92","11,95","11,88","597,35K","0,13%"
"20.08.2018","11,89","11,90","11,99","11,86","336,20K","0,25%"
"17.08.2018","11,86","11,92","11,93","11,80","603,93K","-0,34%"
"16.08.2018","11,90","11,81","11,96","11,79","741,70K","0,80%"
"15.08.2018","11,81","11,90","11,96","11,74","667,21K","-0,08%"
"14.08.2018","11,81","12,00","12,03","11,69","1,03M","-1,74%"
"13.08.2018","12,02","11,97","12,05","11,89","378,05K","-0,16%"
"10.08.2018","12,04","12,08","12,12","12,00","610,06K","-1,10%"
"09.08.2018","12,18","12,02","12,18","12,01","568,34K","0,95%"
"08.08.2018","12,06","12,23","12,23","12,01","764,18K","-1,38%"
"07.08.2018","12,23","12,36","12,36","12,20","878,23K","-0,60%"
"06.08.2018","12,31","12,35","12,40","12,24","699,93K","-0,20%"
"03.08.2018","12,33","12,29","12,37","12,24","645,26K","0,77%"
"02.08.2018","12,24","12,29","12,33","12,19","2,19M","-0,48%"
"01.08.2018","12,30","12,55","12,55","12,29","588,44K","-2,02%"
"31.07.2018","12,55","12,49","12,71","12,41","948,85K","0,92%"
"30.07.2018","12,44","12,55","12,57","12,34","557,07K","-1,30%"
"27.07.2018","12,60","12,52","12,63","12,48","940,69K","0,51%"
"26.07.2018","12,53","12,48","12,54","12,41","622,96K","0,52%"
"25.07.2018","12,47","12,38","12,50","12,34","1,21M","1,00%"
"24.07.2018","12,35","12,21","12,35","12,18","801,31K","1,14%"
"23.07.2018","12,21","12,31","12,35","12,21","532,69K","-0,68%"
"20.07.2018","12,29","12,20","12,32","12,07","1,65M","1,01%"
"19.07.2018","12,17","12,17","12,22","12,09","407,60K","-0,44%"
"18.07.2018","12,22","12,26","12,28","12,18","785,94K","-0,29%"
"17.07.2018","12,26","12,27","12,29","12,14","492,33K","-0,16%"
"16.07.2018","12,28","12,37","12,41","12,24","551,63K","-0,76%"
"13.07.2018","12,37","12,48","12,48","12,37","384,90K","-0,59%"
"12.07.2018","12,44","12,48","12,52","12,44","662,59K","-0,24%"
"11.07.2018","12,48","12,52","12,54","12,45","573,96K","-0,79%"
"10.07.2018","12,57","12,40","12,60","12,37","846,78K","1,56%"
"09.07.2018","12,38","12,44","12,53","12,38","1,28M","0,00%"
"06.07.2018","12,38","12,35","12,45","12,33","999,56K","0,57%"
"05.07.2018","12,31","12,39","12,42","12,28","814,69K","-0,69%"
"04.07.2018","12,40","12,19","12,41","12,18","1,63M","1,67%"
"03.07.2018","12,19","12,30","12,34","12,18","1,23M","-0,85%"
"02.07.2018","12,30","12,29","12,41","12,24","1,42M","-0,49%"
"29.06.2018","12,36","12,35","12,40","12,29","799,72K","0,53%"
"28.06.2018","12,29","12,26","12,35","12,24","459,98K","0,00%"
"27.06.2018","12,30","12,27","12,41","12,22","920,55K","-0,81%"
"26.06.2018","12,40","12,40","12,41","12,33","1,81M","-0,04%"
"25.06.2018","12,40","12,41","12,48","12,38","798,91K","-0,39%"
"22.06.2018","12,45","12,42","12,48","12,35","1,36M","0,92%"
"21.06.2018","12,34","12,44","12,47","12,26","1,13M","-0,52%"
"20.06.2018","12,40","12,10","12,42","12,10","2,18M","3,14%"
"19.06.2018","12,02","11,94","12,04","11,89","993,73K","0,00%"
"18.06.2018","12,02","12,04","12,08","11,91","669,34K","-0,41%"
"15.06.2018","12,07","11,97","12,12","11,96","2,34M","0,91%"
"14.06.2018","11,96","11,93","12,01","11,81","1,19M","0,17%"
"13.06.2018","11,94","12,12","12,13","11,86","852,62K","-1,31%"
"12.06.2018","12,10","12,08","12,13","12,02","645,35K","0,41%"
"11.06.2018","12,05","12,03","12,07","11,98","577,94K","0,45%"
"08.06.2018","12,00","12,02","12,05","11,93","626,59K","-0,37%"
"07.06.2018","12,04","12,20","12,26","12,03","865,05K","-1,14%"
"06.06.2018","12,18","12,01","12,26","11,99","2,21M","1,91%"
"05.06.2018","11,95","11,91","12,05","11,89","922,42K","0,50%"
"04.06.2018","11,90","11,80","12,01","11,80","1,63M","1,05%"
"01.06.2018","11,77","11,78","11,86","11,74","1,20M","0,68%"
"31.05.2018","11,69","11,73","11,84","11,63","2,06M","-0,13%"
"30.05.2018","11,71","11,81","11,88","11,62","2,07M","-0,92%"
"29.05.2018","11,81","12,16","12,16","11,80","1,25M","-3,13%"
"28.05.2018","12,20","12,12","12,22","12,06","824,63K","0,53%"
"25.05.2018","12,13","12,20","12,32","12,01","2,51M","0,00%"
"24.05.2018","12,14","12,21","12,25","11,80","1,27M","-0,89%"
"23.05.2018","12,25","12,34","12,34","12,18","2,01M","-0,72%"
"22.05.2018","12,34","12,29","12,35","12,22","667,05K","0,69%"
"21.05.2018","12,25","12,35","12,38","12,25","486,25K","-0,40%"
"18.05.2018","12,30","12,19","12,32","12,19","1,63M","0,98%"
"17.05.2018","12,18","12,32","12,35","12,15","2,44M","-0,89%"
"16.05.2018","12,29","12,24","12,35","11,98","1,56M","-1,40%"
"15.05.2018","12,47","12,58","12,63","12,44","1,05M","-0,91%"
"14.05.2018","12,58","12,65","12,72","12,41","1,33M","-0,75%"
"11.05.2018","12,67","12,90","12,93","12,67","1,22M","-1,35%"
"10.05.2018","12,85","12,85","12,99","12,82","4,82M","0,39%"
"09.05.2018","12,80","12,78","12,83","12,71","886,04K","0,19%"
"08.05.2018","12,77","12,81","12,82","12,70","925,05K","-0,34%"
"07.05.2018","12,82","12,77","12,89","12,75","732,04K","0,74%"
"04.05.2018","12,72","12,66","12,72","12,57","841,88K","0,20%"
"03.05.2018","12,70","12,78","12,80","12,63","813,92K","-0,66%"
"02.05.2018","12,78","12,65","12,79","12,65","1,07M","0,67%"
"30.04.2018","12,70","12,70","12,78","12,63","871,88K","0,16%"
"27.04.2018","12,68","12,66","12,73","12,62","722,13K","0,35%"
"26.04.2018","12,63","12,48","12,67","12,48","959,88K","1,48%"
"25.04.2018","12,45","12,42","12,52","12,42","887,35K","-0,24%"
"24.04.2018","12,48","12,42","12,56","12,42","1,10M","0,60%"
"23.04.2018","12,41","12,32","12,45","12,31","2,25M","0,85%"
"20.04.2018","12,30","12,30","12,38","12,23","2,43M","0,08%"
"19.04.2018","12,29","12,28","12,38","12,20","917,29K","0,07%"
"18.04.2018","12,28","12,42","12,44","12,25","1,15M","-0,96%"
"17.04.2018","12,40","12,45","12,48","12,37","1,99M","0,00%"
"16.04.2018","12,40","12,35","12,43","12,32","2,31M","0,24%"
"13.04.2018","12,37","12,41","12,43","12,31","1,34M","-0,16%"
"12.04.2018","12,39","12,29","12,39","12,26","1,41M","0,73%"
"11.04.2018","12,30","12,24","12,33","12,20","1,11M","0,61%"
"10.04.2018","12,23","12,38","12,38","12,23","884,94K","-0,84%"
"09.04.2018","12,33","12,28","12,39","12,28","2,56M","0,81%"
"06.04.2018","12,23","12,36","12,39","12,22","1,19M","-1,16%"
"05.04.2018","12,38","12,42","12,44","12,31","1,35M","0,20%"
"04.04.2018","12,35","12,41","12,44","12,30","1,07M","-0,40%"
"03.04.2018","12,40","12,34","12,40","12,26","1,25M","0,49%"
"29.03.2018","12,34","12,31","12,41","12,30","1,74M","0,73%"
"28.03.2018","12,25","12,03","12,25","12,00","1,43M","1,36%"
"27.03.2018","12,09","12,09","12,10","11,98","1,35M","0,95%"
"26.03.2018","11,97","11,96","12,05","11,87","927,90K","0,00%"
"23.03.2018","11,97","11,96","12,01","11,85","899,20K","-0,62%"
"22.03.2018","12,05","12,00","12,08","11,96","1,45M","0,29%"
"21.03.2018","12,01","12,09","12,11","12,01","952,51K","-0,61%"
"20.03.2018","12,09","12,00","12,14","11,94","2,15M","0,57%"
"19.03.2018","12,02","12,09","12,15","11,99","1,10M","-0,49%"
"16.03.2018","12,08","12,20","12,21","12,03","4,25M","-0,58%"
"15.03.2018","12,15","12,05","12,15","11,96","6,89M","1,07%"
"14.03.2018","12,02","11,88","12,02","11,85","988,80K","1,00%"
"13.03.2018","11,90","11,85","12,03","11,85","1,22M","0,25%"
"12.03.2018","11,87","11,86","11,90","11,84","4,75M","0,30%"
"09.03.2018","11,84","11,86","11,90","11,79","2,77M","-0,17%"
"08.03.2018","11,85","11,79","11,87","11,74","1,40M","0,55%"
"07.03.2018","11,79","11,70","11,90","11,68","1,49M","0,80%"
"06.03.2018","11,70","11,82","11,85","11,70","2,05M","-0,51%"
"05.03.2018","11,76","11,63","11,80","11,58","1,59M","0,98%"
"02.03.2018","11,64","11,67","11,70","11,58","1,60M","-0,25%"
"01.03.2018","11,67","11,69","11,74","11,54","6,47M","0,00%"
"28.02.2018","11,67","11,28","11,70","11,24","3,31M","3,60%"
"27.02.2018","11,27","11,37","11,38","11,20","2,06M","-0,74%"
"26.02.2018","11,35","11,45","11,48","11,29","1,39M","-0,48%"
"23.02.2018","11,40","11,22","11,40","11,16","2,01M","2,50%"
"22.02.2018","11,13","11,11","11,14","11,01","1,16M","-0,48%"
"21.02.2018","11,18","11,20","11,22","11,13","1,25M","-0,53%"
"20.02.2018","11,24","11,18","11,24","11,15","1,02M","0,80%"
"19.02.2018","11,15","11,18","11,20","11,10","988,38K","0,00%"
"16.02.2018","11,15","10,96","11,16","10,94","2,66M","2,10%"
"15.02.2018","10,92","10,99","10,99","10,86","1,26M","0,08%"
"14.02.2018","10,91","11,02","11,06","10,86","1,23M","-0,36%"
"13.02.2018","10,95","11,06","11,08","10,89","1,51M","-0,81%"
"12.02.2018","11,04","11,04","11,13","11,04","1,41M","0,22%"
"09.02.2018","11,02","10,95","11,07","10,88","1,98M","0,00%"
"08.02.2018","11,02","11,14","11,14","10,99","1,81M","-1,41%"
"07.02.2018","11,18","11,08","11,18","10,98","1,65M","0,89%"
"06.02.2018","11,08","11,03","11,20","10,85","1,78M","-1,63%"
"05.02.2018","11,26","11,32","11,32","11,23","2,48M","-1,26%"
"02.02.2018","11,40","11,51","11,51","11,37","1,03M","-0,73%"
"01.02.2018","11,49","11,51","11,57","11,43","1,72M","-0,09%"
"31.01.2018","11,50","11,36","11,50","11,30","2,17M","1,05%"
"30.01.2018","11,38","11,42","11,46","11,36","1,18M","-0,65%"
"29.01.2018","11,45","11,59","11,60","11,45","803,48K","-0,86%"
"26.01.2018","11,55","11,50","11,59","11,49","1,68M","0,47%"
"25.01.2018","11,50","11,53","11,60","11,46","1,24M","-0,30%"
"24.01.2018","11,53","11,59","11,61","11,53","1,29M","-0,34%"
"23.01.2018","11,57","11,55","11,59","11,51","6,86M","0,73%"
"22.01.2018","11,49","11,53","11,54","11,46","623,28K","-0,13%"
"19.01.2018","11,50","11,40","11,54","11,37","1,11M","0,61%"
"18.01.2018","11,43","11,50","11,50","11,39","1,07M","-0,31%"
"17.01.2018","11,47","11,36","11,51","11,34","2,00M","0,96%"
"16.01.2018","11,36","11,30","11,43","11,27","3,71M","0,92%"
"15.01.2018","11,26","11,26","11,30","11,18","3,72M","0,13%"
"12.01.2018","11,24","11,31","11,37","11,23","1,25M","0,04%"
"11.01.2018","11,23","11,31","11,31","11,19","1,37M","-0,40%"
"10.01.2018","11,28","11,41","11,42","11,24","1,42M","-1,30%"
"09.01.2018","11,43","11,42","11,47","11,41","770,10K","0,00%"
"08.01.2018","11,42","11,39","11,47","11,39","1,42M","0,57%"
"05.01.2018","11,36","11,31","11,41","11,31","2,02M","0,61%"
"04.01.2018","11,29","11,24","11,33","11,17","1,39M","0,22%"
"03.01.2018","11,27","11,25","11,33","11,17","1,13M","0,45%"
"02.01.2018","11,22","11,23","11,26","11,08","860,28K","0,04%"
"29.12.2017","11,21","11,19","11,27","11,14","503,56K","0,00%"
"28.12.2017","11,21","11,19","11,30","11,18","525,27K","-0,22%"
"27.12.2017","11,23","11,16","11,23","11,14","639,24K","0,54%"
"22.12.2017","11,18","11,16","11,27","11,03","1,88M","-1,79%"
"21.12.2017","11,38","11,31","11,39","11,25","4,25M","0,70%"
"20.12.2017","11,30","11,24","11,35","11,24","8,21M","-0,08%"
"19.12.2017","11,31","11,26","11,33","11,24","5,56M","0,44%"
"18.12.2017","11,26","11,19","11,30","11,18","2,21M","1,16%"
"15.12.2017","11,13","11,13","11,16","11,05","5,47M","-0,18%"
"14.12.2017","11,15","11,11","11,20","11,11","5,87M","-0,04%"
"13.12.2017","11,16","11,12","11,22","11,08","4,84M","-0,21%"
"12.12.2017","11,18","11,19","11,19","11,10","4,69M","0,31%"
"11.12.2017","11,15","11,19","11,20","11,09","1,15M","0,00%"
"08.12.2017","11,15","11,16","11,22","11,15","1,29M","0,50%"
"07.12.2017","11,09","11,08","11,12","11,05","1,27M","0,63%"
"06.12.2017","11,02","10,98","11,06","10,92","1,08M","-0,22%"
"05.12.2017","11,05","10,95","11,07","10,93","1,39M","0,77%"
"04.12.2017","10,96","11,01","11,01","10,91","851,36K","0,40%"
"01.12.2017","10,92","11,00","11,01","10,89","1,12M","-0,40%"
"30.11.2017","10,96","10,91","10,98","10,84","1,32M","0,68%"
"29.11.2017","10,89","11,00","11,05","10,86","1,60M","-0,68%"
"28.11.2017","10,96","10,97","11,04","10,89","2,89M","-0,59%"
"27.11.2017","11,03","10,99","11,11","10,97","1,46M","0,09%"
"24.11.2017","11,02","11,02","11,07","10,98","969,35K","-0,05%"
"23.11.2017","11,02","10,98","11,08","10,92","830,21K","0,00%"
"22.11.2017","11,02","11,02","11,11","10,98","1,33M","-0,31%"
"21.11.2017","11,06","11,09","11,09","10,99","1,23M","0,00%"
"20.11.2017","11,06","11,07","11,14","11,00","1,95M","-0,23%"
"17.11.2017","11,08","11,15","11,15","11,06","1,34M","-0,40%"
"16.11.2017","11,13","11,08","11,19","11,04","1,65M","1,08%"
"15.11.2017","11,01","10,96","11,10","10,86","1,53M","0,69%"
"14.11.2017","10,93","10,97","10,98","10,87","2,12M","0,09%"
"13.11.2017","10,92","10,85","10,94","10,77","1,72M","0,68%"
"10.11.2017","10,85","10,84","10,87","10,74","1,18M","-0,14%"
"09.11.2017","10,86","10,92","10,96","10,83","1,11M","-0,63%"
"08.11.2017","10,93","10,86","10,93","10,79","1,28M","0,68%"
"07.11.2017","10,86","10,95","10,96","10,84","1,10M","-0,50%"
"06.11.2017","10,91","11,00","11,01","10,91","973,97K","-0,81%"
"03.11.2017","11,00","10,97","11,08","10,91","1,56M","0,27%"
"02.11.2017","10,97","11,09","11,16","10,93","1,53M","-1,16%"
"01.11.2017","11,10","11,26","11,30","11,03","1,71M","-1,24%"
"31.10.2017","11,24","11,09","11,31","11,08","2,71M","1,84%"
"30.10.2017","11,04","10,68","11,09","10,68","2,95M","3,78%"
"27.10.2017","10,64","10,85","10,85","10,59","1,57M","-1,56%"
"26.10.2017","10,80","10,52","10,85","10,52","2,41M","2,73%"
"25.10.2017","10,52","10,70","10,70","10,50","1,41M","-1,30%"
"24.10.2017","10,65","10,75","10,85","10,65","1,25M","-1,10%"
"23.10.2017","10,77","10,72","10,80","10,59","1,05M","0,33%"
"20.10.2017","10,74","10,82","10,83","10,70","2,01M","-1,23%"
"19.10.2017","10,87","10,97","10,99","10,81","2,04M","-1,17%"
"18.10.2017","11,00","11,01","11,01","10,93","1,51M","0,55%"
"17.10.2017","10,94","10,92","11,00","10,88","1,70M","-1,43%"
"16.10.2017","11,10","11,05","11,12","11,02","1,97M","0,63%"
"13.10.2017","11,03","11,14","11,14","11,02","2,38M","-0,89%"
"12.10.2017","11,13","11,14","11,15","11,08","1,75M","0,27%"
"11.10.2017","11,10","11,06","11,23","11,05","2,66M","0,99%"
"10.10.2017","10,99","11,12","11,12","10,94","2,89M","-0,89%"
"09.10.2017","11,09","10,95","11,11","10,95","4,45M","1,27%"
"06.10.2017","10,95","10,99","11,03","10,89","2,21M","-0,50%"
"05.10.2017","11,01","10,93","11,01","10,70","5,52M","0,73%"
"04.10.2017","10,93","11,39","11,39","10,89","5,15M","-4,06%"
"03.10.2017","11,39","11,47","11,48","11,37","1,87M","-0,86%"
"02.10.2017","11,49","11,56","11,58","11,43","4,75M","-1,20%"
"29.09.2017","11,63","11,67","11,71","11,56","2,65M","-0,04%"
"28.09.2017","11,63","11,71","11,78","11,60","1,17M","-0,33%"
"27.09.2017","11,67","11,63","11,73","11,59","1,38M","0,81%"
"26.09.2017","11,58","11,56","11,65","11,54","1,07M","0,29%"
"25.09.2017","11,54","11,69","11,69","11,51","1,87M","-0,81%"
"22.09.2017","11,64","11,76","11,76","11,56","1,11M","0,09%"
"21.09.2017","11,63","11,50","11,72","11,46","1,82M","0,17%"
"20.09.2017","11,61","11,63","11,66","11,58","1,96M","-0,43%"
"19.09.2017","11,66","11,61","11,75","11,57","1,24M","0,00%"
"18.09.2017","11,66","11,66","11,78","11,61","1,21M","-0,67%"
"15.09.2017","11,74","11,66","11,80","11,62","3,61M","0,68%"
"14.09.2017","11,66","11,58","11,66","11,51","1,39M","0,21%"
"13.09.2017","11,63","11,51","11,66","11,46","1,74M","0,90%"
"12.09.2017","11,53","11,63","11,65","11,51","950,95K","-0,42%"
"11.09.2017","11,58","11,51","11,62","11,48","1,63M","0,86%"
"08.09.2017","11,48","11,44","11,48","11,39","804,75K","0,31%"
"07.09.2017","11,44","11,44","11,49","11,39","1,71M","0,43%"
"06.09.2017","11,39","11,38","11,43","11,12","1,01M","0,09%"
"05.09.2017","11,38","11,50","11,53","11,34","941,38K","-1,08%"
"04.09.2017","11,51","11,53","11,53","11,41","1,01M","0,00%"
"01.09.2017","11,51","11,54","11,55","11,50","934,70K","0,22%"
"31.08.2017","11,48","11,55","11,58","11,43","1,91M","0,04%"
"30.08.2017","11,48","11,51","11,54","11,47","846,60K","0,17%"
"29.08.2017","11,46","11,46","11,48","11,36","852,84K","-0,52%"
"28.08.2017","11,52","11,54","11,55","11,45","553,10K","0,00%"
"25.08.2017","11,52","11,62","11,62","11,48","1,07M","-0,55%"
"24.08.2017","11,58","11,64","11,68","11,58","906,03K","-0,34%"
"23.08.2017","11,62","11,66","11,66","11,56","564,73K","-0,09%"
"22.08.2017","11,63","11,56","11,65","11,56","1,51M","1,70%"
"21.08.2017","11,44","11,45","11,46","11,39","700,92K","-0,04%"
"18.08.2017","11,44","11,42","11,44","11,33","919,79K","-0,26%"
"17.08.2017","11,47","11,52","11,54","11,45","494,07K","-0,09%"
"16.08.2017","11,48","11,47","11,59","11,46","823,68K","0,39%"
"15.08.2017","11,44","11,45","11,47","11,40","518,30K","0,25%"
"14.08.2017","11,41","11,37","11,49","11,34","2,14M","0,66%"
"11.08.2017","11,33","11,42","11,42","11,30","1,29M","-0,95%"
"10.08.2017","11,44","11,50","11,53","11,40","779,66K","-0,61%"
"09.08.2017","11,51","11,54","11,57","11,42","1,47M","-0,60%"
"08.08.2017","11,58","11,56","11,59","11,51","561,21K","0,34%"
"07.08.2017","11,54","11,51","11,60","11,46","1,07M","0,57%"
"04.08.2017","11,48","11,35","11,53","11,35","1,14M","1,05%"
"03.08.2017","11,36","11,33","11,40","11,30","1,03M","0,26%"
"02.08.2017","11,33","11,33","11,39","11,29","1,04M","0,26%"
"01.08.2017","11,30","11,34","11,35","11,27","1,26M","0,09%"
"31.07.2017","11,29","11,32","11,41","11,26","1,13M","-0,39%"
"28.07.2017","11,33","11,39","11,42","11,26","1,06M","-0,82%"
"27.07.2017","11,43","11,37","11,43","11,34","807,29K","0,52%"
"26.07.2017","11,37","11,35","11,40","11,28","741,99K","-0,35%"
"25.07.2017","11,41","11,33","11,50","11,22","920,34K","0,13%"
"24.07.2017","11,39","11,49","11,49","11,37","1,13M","-0,26%"
"21.07.2017","11,42","11,41","11,48","11,38","1,83M","0,13%"
"20.07.2017","11,41","11,43","11,50","11,36","1,38M","-0,08%"
"19.07.2017","11,42","11,31","11,44","11,30","963,64K","0,39%"
"18.07.2017","11,37","11,31","11,44","11,31","1,21M","0,00%"
"17.07.2017","11,37","11,35","11,40","11,31","655,59K","0,22%"
"14.07.2017","11,35","11,31","11,38","11,28","838,49K","0,57%"
"13.07.2017","11,28","11,19","11,32","11,14","1,58M","1,02%"
"12.07.2017","11,17","11,11","11,26","11,07","1,28M","1,04%"
"11.07.2017","11,06","11,19","11,22","10,98","1,06M","-0,41%"
"10.07.2017","11,10","11,09","11,13","11,02","1,13M","0,99%"
"07.07.2017","10,99","11,03","11,03","10,91","1,08M","-0,09%"
"06.07.2017","11,00","10,99","11,05","10,86","1,72M","-0,09%"
"05.07.2017","11,01","11,00","11,06","10,91","1,10M","0,69%"
"04.07.2017","10,94","11,01","11,01","10,91","1,12M","-0,18%"
"03.07.2017","10,96","11,00","11,08","10,94","926,22K","-0,14%"
"30.06.2017","10,97","11,00","11,01","10,91","1,98M","-0,50%"
"29.06.2017","11,03","11,13","11,16","10,89","1,26M","-0,76%"
"28.06.2017","11,11","11,11","11,19","11,03","945,72K","-0,40%"
"27.06.2017","11,16","11,28","11,31","11,10","1,38M","-1,27%"
"26.06.2017","11,30","11,23","11,36","11,11","1,10M","0,67%"
"23.06.2017","11,23","11,21","11,27","11,16","566,20K","0,18%"
"22.06.2017","11,20","11,25","11,27","11,13","989,79K","-0,75%"
"21.06.2017","11,29","11,30","11,30","11,18","679,06K","0,00%"
"20.06.2017","11,29","11,37","11,39","11,23","988,73K","-0,70%"
"19.06.2017","11,37","11,39","11,42","11,34","662,21K","0,22%"
"16.06.2017","11,35","11,36","11,43","11,30","1,98M","0,22%"
"15.06.2017","11,32","11,36","11,44","11,24","1,18M","-0,66%"
"14.06.2017","11,40","11,35","11,46","11,35","1,09M","0,35%"
"13.06.2017","11,36","11,35","11,44","11,30","814,55K","0,44%"
"12.06.2017","11,31","11,40","11,46","10,93","1,58M","-1,13%"
"09.06.2017","11,44","11,46","11,54","11,41","2,01M","0,09%"
"08.06.2017","11,43","11,49","11,53","11,42","3,39M","-0,26%"
"07.06.2017","11,46","11,36","11,49","11,32","1,27M","0,74%"
"06.06.2017","11,37","11,38","11,41","11,29","1,07M","0,00%"
"05.06.2017","11,37","11,33","11,41","11,32","657,84K","-0,13%"
"02.06.2017","11,38","11,36","11,41","11,31","1,41M","0,62%"
"01.06.2017","11,31","11,23","11,32","11,18","2,51M","1,02%"
"31.05.2017","11,20","11,22","11,26","11,14","1,48M","0,13%"
"30.05.2017","11,19","11,22","11,25","11,12","842,58K","-0,22%"
"29.05.2017","11,21","11,26","11,29","11,19","1,80M","-0,31%"
"26.05.2017","11,24","11,19","11,24","11,16","1,24M","0,75%"
"25.05.2017","11,16","11,12","11,23","11,12","891,63K","0,54%"
"24.05.2017","11,10","11,08","11,11","11,04","922,88K","0,58%"
"23.05.2017","11,04","11,13","11,16","11,02","1,73M","-0,80%"
"22.05.2017","11,13","11,01","11,15","10,95","2,69M","1,50%"
"19.05.2017","10,96","10,82","11,00","10,78","2,45M","1,57%"
"18.05.2017","10,79","10,66","10,83","10,61","15,01M","0,08%"
"17.05.2017","10,78","10,86","10,88","10,70","1,09M","-1,00%"
"16.05.2017","10,89","10,93","10,96","10,76","1,29M","-0,23%"
"15.05.2017","10,92","10,96","10,99","10,89","704,47K","0,09%"
"12.05.2017","10,91","10,69","10,99","10,56","2,11M","-0,13%"
"11.05.2017","10,92","11,07","11,07","10,83","1,88M","-1,17%"
"10.05.2017","11,05","11,04","11,07","10,94","1,77M","-0,36%"
"09.05.2017","11,09","10,92","11,14","10,89","2,19M","1,58%"
"08.05.2017","10,92","10,92","11,00","10,91","1,32M","0,00%"
"05.05.2017","10,92","10,86","10,96","10,81","1,62M","0,65%"
"04.05.2017","10,85","10,80","10,89","10,79","2,36M","0,18%"
"03.05.2017","10,83","10,82","10,85","10,78","854,42K","-0,05%"
"02.05.2017","10,83","10,82","10,85","10,74","1,32M","0,50%"
"28.04.2017","10,78","10,73","10,78","10,66","1,68M","0,47%"
"27.04.2017","10,73","10,71","10,77","10,65","1,46M","0,09%"
"26.04.2017","10,72","10,81","10,81","10,68","2,82M","-0,42%"
"25.04.2017","10,76","10,56","10,80","10,51","1,43M","0,93%"
"24.04.2017","10,66","10,61","10,72","10,56","2,55M","2,15%"
"21.04.2017","10,44","10,52","10,52","10,36","1,75M","-0,52%"
"20.04.2017","10,50","10,56","10,61","10,47","1,83M","-0,93%"
"19.04.2017","10,60","10,57","10,61","10,51","3,78M","0,05%"
"18.04.2017","10,59","10,66","10,71","10,55","1,31M","-1,20%"
"13.04.2017","10,72","10,61","10,76","10,61","1,07M","-0,42%"
"12.04.2017","10,76","10,75","10,82","10,71","1,47M","0,42%"
"11.04.2017","10,72","10,70","10,78","10,68","1,50M","-0,05%"
"10.04.2017","10,72","10,78","10,78","10,69","668,82K","-0,64%"
"07.04.2017","10,79","10,74","10,79","10,66","1,28M","0,83%"
"06.04.2017","10,70","10,65","10,70","10,56","1,47M","0,79%"
"05.04.2017","10,62","10,51","10,62","10,41","1,25M","1,42%"
"04.04.2017","10,47","10,38","10,49","10,37","1,78M","0,61%"
"03.04.2017","10,41","10,44","10,51","10,34","1,74M","0,10%"
"31.03.2017","10,40","10,23","10,41","10,23","1,52M","0,79%"
"30.03.2017","10,31","10,39","10,43","10,31","1,67M","-0,82%"
"29.03.2017","10,40","10,51","10,54","10,35","1,83M","-1,33%"
"28.03.2017","10,54","10,44","10,54","10,42","1,17M","1,10%"
"27.03.2017","10,43","10,48","10,51","10,35","1,40M","-0,43%"
"24.03.2017","10,47","10,38","10,47","10,38","937,40K","0,38%"
"23.03.2017","10,43","10,34","10,44","10,28","1,48M","0,72%"
"22.03.2017","10,35","10,55","10,65","10,34","1,84M","-1,85%"
"21.03.2017","10,55","10,73","10,74","10,54","1,88M","-1,31%"
"20.03.2017","10,69","10,79","10,81","10,68","1,30M","-0,88%"
"17.03.2017","10,78","10,86","10,88","10,77","8,20M","-0,46%"
"16.03.2017","10,84","10,74","10,85","10,69","2,62M","1,36%"
"15.03.2017","10,69","10,69","10,70","10,60","1,43M","0,61%"
"14.03.2017","10,63","10,52","10,65","10,47","1,59M","1,19%"
"13.03.2017","10,50","10,51","10,59","10,49","1,47M","0,29%"
"10.03.2017","10,47","10,63","10,65","10,47","1,11M","-0,81%"
"09.03.2017","10,56","10,52","10,59","10,50","1,20M","0,33%"
"08.03.2017","10,52","10,59","10,69","10,52","1,31M","-0,80%"
"07.03.2017","10,60","10,74","10,78","10,60","1,16M","-0,80%"
"06.03.2017","10,69","10,71","10,72","10,65","1,13M","-0,05%"
"03.03.2017","10,69","10,67","10,77","10,61","1,25M","0,42%"
"02.03.2017","10,65","10,75","10,75","10,60","1,76M","-1,11%"
"01.03.2017","10,77","10,77","10,88","10,68","2,16M","0,51%"
"28.02.2017","10,72","11,02","11,10","10,62","2,73M","-1,61%"
"27.02.2017","10,89","10,90","10,95","10,82","1,69M","-0,09%"
"24.02.2017","10,90","10,97","11,02","10,80","1,32M","-0,46%"
"23.02.2017","10,95","10,93","10,97","10,90","1,45M","0,64%"
"22.02.2017","10,88","10,99","11,09","10,83","2,03M","-1,32%"
"21.02.2017","11,02","11,00","11,04","10,93","1,13M","0,18%"
"20.02.2017","11,01","11,02","11,06","10,97","1,03M","0,05%"
"17.02.2017","11,00","10,97","11,03","10,91","1,40M","0,27%"
"16.02.2017","10,97","11,00","11,05","10,89","1,49M","-0,32%"
"15.02.2017","11,01","10,80","11,03","10,77","2,34M","1,62%"
"14.02.2017","10,83","10,62","10,83","10,58","1,81M","1,88%"
"13.02.2017","10,63","10,65","10,66","10,56","925,50K","0,05%"
"10.02.2017","10,63","10,66","10,70","10,55","898,75K","-0,23%"
"09.02.2017","10,65","10,50","10,65","10,45","1,30M","1,57%"
"08.02.2017","10,48","10,41","10,48","10,37","874,62K","0,53%"
"07.02.2017","10,43","10,45","10,48","10,32","1,03M","0,10%"
"06.02.2017","10,42","10,41","10,48","10,33","1,49M","0,05%"
"03.02.2017","10,41","10,31","10,43","10,23","1,15M","1,76%"
"02.02.2017","10,23","10,26","10,31","10,16","1,70M","-0,97%"
"01.02.2017","10,34","10,38","10,45","10,25","1,17M","-0,19%"
"31.01.2017","10,35","10,37","10,42","10,32","1,26M","-0,24%"
"30.01.2017","10,38","10,35","10,40","10,28","1,37M","0,29%"
"27.01.2017","10,35","10,44","10,44","10,27","675,98K","-0,24%"
"26.01.2017","10,38","10,39","10,47","10,29","2,37M","0,29%"
"25.01.2017","10,35","10,17","10,37","10,01","1,95M","2,53%"
"24.01.2017","10,09","10,16","10,17","10,03","787,30K","-0,25%"
"23.01.2017","10,11","10,02","10,14","9,98","1,14M","1,10%"
"20.01.2017","10,01","10,00","10,09","9,90","1,08M","-0,05%"
"19.01.2017","10,01","10,16","10,16","10,00","1,21M","-1,52%"
"18.01.2017","10,16","10,19","10,23","10,09","827,17K","-0,29%"
"17.01.2017","10,19","10,25","10,26","10,14","681,46K","-0,97%"
"16.01.2017","10,30","10,30","10,39","10,23","740,32K","-0,39%"
"13.01.2017","10,34","10,39","10,41","10,30","1,01M","0,15%"
"12.01.2017","10,32","10,47","10,47","10,32","1,32M","-1,43%"
"11.01.2017","10,47","10,42","10,49","10,39","1,16M","0,48%"
"10.01.2017","10,42","10,48","10,52","10,36","852,76K","-0,38%"
"09.01.2017","10,46","10,49","10,56","10,40","1,37M","-0,48%"
"06.01.2017","10,51","10,40","10,51","10,36","1,03M","1,45%"
"05.01.2017","10,36","10,43","10,43","10,32","909,45K","-0,14%"
"04.01.2017","10,38","10,37","10,38","10,28","1,27M","0,63%"
"03.01.2017","10,31","10,51","10,54","10,25","1,38M","-1,58%"
"02.01.2017","10,48","10,35","10,52","10,35","763,33K","1,40%"
"30.12.2016","10,33","10,27","10,33","10,23","488,21K","0,39%"
"29.12.2016","10,29","10,10","10,30","10,05","554,50K","0,83%"
"28.12.2016","10,20","10,32","10,32","10,13","466,59K","-1,21%"
"27.12.2016","10,33","10,31","10,33","10,22","255,99K","0,34%"
"23.12.2016","10,30","10,23","10,31","10,14","546,27K","1,13%"
"22.12.2016","10,18","10,23","10,30","10,11","935,00K","-1,36%"
"21.12.2016","10,32","10,15","10,32","10,14","1,25M","0,78%"
"20.12.2016","10,24","10,23","10,30","10,20","1,85M","0,05%"
"19.12.2016","10,23","10,15","10,30","10,13","2,45M","1,14%"
"16.12.2016","10,12","9,84","10,32","9,84","2,80M","2,72%"
"15.12.2016","9,85","9,96","9,97","9,80","1,31M","-1,24%"
"14.12.2016","9,98","9,97","10,02","9,92","1,12M","0,22%"
"13.12.2016","9,95","9,83","9,98","9,83","1,62M","1,30%"
"12.12.2016","9,83","9,94","9,95","9,75","1,12M","-1,68%"
"09.12.2016","9,99","9,78","10,07","9,75","1,93M","1,98%"
"08.12.2016","9,80","9,70","9,84","9,68","1,51M","1,55%"
"07.12.2016","9,65","9,53","9,65","9,48","1,59M","1,23%"
"06.12.2016","9,53","9,53","9,59","9,47","989,87K","0,35%"
"05.12.2016","9,50","9,40","9,61","9,38","1,03M","0,32%"
"02.12.2016","9,47","9,38","9,51","9,38","933,77K","0,74%"
"01.12.2016","9,40","9,47","9,53","9,38","1,04M","-1,16%"
"30.11.2016","9,51","9,43","9,62","9,43","1,10M","0,09%"
"29.11.2016","9,50","9,51","9,57","9,44","1,04M","-0,40%"
"28.11.2016","9,54","9,41","9,58","9,41","843,54K","0,64%"
"25.11.2016","9,48","9,50","9,50","9,42","848,36K","-0,20%"
"24.11.2016","9,50","9,60","9,60","9,46","1,07M","-0,36%"
"23.11.2016","9,53","9,50","9,61","9,49","988,14K","0,16%"
"22.11.2016","9,52","9,45","9,52","9,31","1,18M","1,59%"
"21.11.2016","9,37","9,34","9,46","9,25","1,56M","0,00%"
"18.11.2016","9,36","9,36","9,43","9,27","1,55M","0,35%"
"17.11.2016","9,33","9,33","9,39","9,25","1,42M","0,45%"
"16.11.2016","9,29","9,52","9,53","9,20","1,42M","-2,09%"
"15.11.2016","9,49","9,78","9,78","9,33","2,04M","1,80%"
"14.11.2016","9,32","9,42","9,42","9,15","2,21M","1,71%"
"11.11.2016","9,16","9,35","9,38","9,10","3,84M","-0,78%"
"10.11.2016","9,23","9,72","9,72","9,18","3,65M","-4,62%"
"09.11.2016","9,68","9,55","9,77","9,50","2,28M","-1,11%"
"08.11.2016","9,79","9,86","9,91","9,71","1,05M","-0,72%"
"07.11.2016","9,86","9,82","9,99","9,79","1,22M","1,65%"
"04.11.2016","9,70","9,75","9,75","9,57","1,43M","-0,51%"
"03.11.2016","9,75","9,79","9,95","9,73","1,63M","-0,36%"
"02.11.2016","9,78","9,97","9,99","9,78","1,36M","-2,15%"
"01.11.2016","10,00","10,30","10,30","9,98","1,27M","-2,34%"
"31.10.2016","10,24","10,28","10,28","10,15","1,44M","-0,58%"
"28.10.2016","10,30","10,05","10,30","9,95","4,00M","2,28%"
"27.10.2016","10,07","10,20","10,25","10,06","979,00K","-1,03%"
"26.10.2016","10,18","10,35","10,37","10,10","1,13M","-1,69%"
"25.10.2016","10,35","10,40","10,49","10,31","1,50M","-0,77%"
"24.10.2016","10,43","10,31","10,48","10,28","1,63M","1,56%"
"21.10.2016","10,27","10,30","10,30","10,16","930,85K","0,10%"
"20.10.2016","10,26","10,05","10,27","10,00","958,88K","2,09%"
"19.10.2016","10,05","10,10","10,10","9,95","891,34K","0,30%"
"18.10.2016","10,02","9,88","10,04","9,87","759,68K","0,88%"
"17.10.2016","9,93","10,00","10,06","9,89","864,51K","-1,16%"
"14.10.2016","10,05","9,88","10,06","9,88","1,38M","2,02%"
"13.10.2016","9,85","9,75","9,87","9,70","1,15M","0,53%"
"12.10.2016","9,80","9,92","9,92","9,76","686,12K","-1,30%"
"11.10.2016","9,93","9,99","10,06","9,88","907,27K","-0,54%"
"10.10.2016","9,98","9,95","10,03","9,84","985,28K","0,61%"
"07.10.2016","9,92","9,94","9,97","9,85","1,14M","-0,22%"
"06.10.2016","9,94","10,15","10,15","9,87","1,42M","-1,51%"
"05.10.2016","10,10","10,26","10,27","10,08","1,07M","-1,99%"
"04.10.2016","10,30","10,34","10,39","10,25","2,87M","0,00%"
"03.10.2016","10,30","10,54","10,54","10,24","1,09M","-2,23%"
"30.09.2016","10,53","10,24","10,55","10,14","1,16M","1,49%"
"29.09.2016","10,38","10,45","10,55","10,37","1,59M","-0,19%"
"28.09.2016","10,40","10,32","10,43","10,27","1,47M","1,46%"
"27.09.2016","10,25","10,29","10,32","10,06","1,05M","0,39%"
"26.09.2016","10,21","10,30","10,30","10,15","1,10M","-1,11%"
"23.09.2016","10,32","10,44","10,44","10,14","839,54K","0,05%"
"22.09.2016","10,32","10,19","10,40","10,11","1,10M","2,08%"
"21.09.2016","10,11","10,00","10,17","9,94","984,02K","1,10%"
"20.09.2016","10,00","9,81","10,03","9,81","925,54K","1,26%"
"19.09.2016","9,88","9,84","9,90","9,78","774,65K","1,50%"
"16.09.2016","9,73","9,88","9,95","9,73","1,52M","-1,52%"
"15.09.2016","9,88","9,86","9,94","9,79","933,74K","0,15%"
"14.09.2016","9,86","9,88","9,92","9,82","931,66K","0,11%"
"13.09.2016","9,85","10,00","10,00","9,85","945,54K","-0,46%"
"12.09.2016","9,90","10,00","10,00","9,76","1,10M","-1,39%"
"09.09.2016","10,04","10,31","10,35","10,04","1,32M","-3,18%"
"08.09.2016","10,37","10,40","10,49","10,30","579,90K","-0,43%"
"07.09.2016","10,41","10,39","10,48","10,36","932,91K","0,73%"
"06.09.2016","10,34","10,49","10,65","10,30","839,50K","-1,52%"
"05.09.2016","10,50","10,59","10,63","10,47","602,11K","-0,24%"
"02.09.2016","10,52","10,48","10,60","10,43","701,07K","0,43%"
"01.09.2016","10,48","10,50","10,59","10,40","966,58K","0,58%"
"31.08.2016","10,42","10,38","10,46","10,34","821,33K","0,00%"
"30.08.2016","10,42","10,43","10,55","10,40","569,87K","0,39%"
"29.08.2016","10,38","10,40","10,45","10,33","398,23K","0,00%"
"26.08.2016","10,38","10,38","10,48","10,34","610,56K","-0,62%"
"25.08.2016","10,44","10,40","10,48","10,31","489,66K","0,10%"
"24.08.2016","10,44","10,34","10,48","10,32","711,21K","0,14%"
"23.08.2016","10,42","10,32","10,45","10,32","537,98K","0,68%"
"22.08.2016","10,35","10,31","10,45","10,22","598,27K","0,15%"
"19.08.2016","10,34","10,41","10,44","10,28","514,58K","-0,58%"
"18.08.2016","10,40","10,36","10,45","10,29","258,10K","1,17%"
"17.08.2016","10,27","10,47","10,47","10,19","779,98K","-1,30%"
"16.08.2016","10,41","10,43","10,45","10,31","771,32K","-0,38%"
"15.08.2016","10,45","10,43","10,50","10,40","402,12K","-0,05%"
"12.08.2016","10,45","10,36","10,47","10,34","554,89K","1,26%"
"11.08.2016","10,32","10,40","10,40","10,25","693,67K","-0,15%"
"10.08.2016","10,34","10,35","10,44","10,22","596,95K","0,39%"
"09.08.2016","10,30","10,20","10,32","10,15","516,58K","0,93%"
"08.08.2016","10,20","10,34","10,39","10,05","925,73K","-0,68%"
"05.08.2016","10,27","10,15","10,33","10,13","833,60K","0,88%"
"04.08.2016","10,19","10,14","10,24","10,00","806,50K","1,65%"
"03.08.2016","10,02","10,01","10,06","9,88","621,33K","0,15%"
"02.08.2016","10,01","10,19","10,22","9,98","967,29K","-2,06%"
"01.08.2016","10,22","10,32","10,34","10,17","557,41K","-0,24%"
"29.07.2016","10,24","10,10","10,25","10,07","1,25M","1,29%"
"28.07.2016","10,11","10,24","10,31","10,07","1,19M","-1,32%"
"27.07.2016","10,24","10,26","10,29","10,17","1,07M","0,64%"
"26.07.2016","10,18","10,14","10,25","10,12","588,73K","0,10%"
"25.07.2016","10,17","10,07","10,20","10,02","746,30K","0,74%"
"22.07.2016","10,10","10,05","10,17","10,01","970,07K","-0,15%"
"21.07.2016","10,11","10,37","10,38","9,96","1,72M","0,95%"
"20.07.2016","10,02","9,87","10,03","9,83","1,83M","1,53%"
"19.07.2016","9,86","9,82","9,88","9,76","1,22M","0,65%"
"18.07.2016","9,80","9,80","9,86","9,76","687,70K","0,13%"
"15.07.2016","9,79","9,74","9,79","9,50","771,75K","0,37%"
"14.07.2016","9,75","9,90","9,90","9,65","2,16M","-0,60%"
"13.07.2016","9,81","9,59","9,88","9,57","2,06M","1,86%"
"12.07.2016","9,63","9,50","9,71","9,50","1,85M","1,37%"
"11.07.2016","9,50","9,40","9,55","9,35","895,05K","2,13%"
"08.07.2016","9,30","9,04","9,35","8,95","1,34M","2,82%"
"07.07.2016","9,05","9,05","9,12","9,00","1,41M","0,63%"
"06.07.2016","8,99","9,28","9,29","8,89","2,20M","-3,63%"
"05.07.2016","9,33","9,40","9,43","9,26","2,03M","-1,35%"
"04.07.2016","9,46","9,43","9,50","9,28","1,35M","0,87%"
"01.07.2016","9,38","9,53","9,53","9,32","1,77M","-0,39%"
"30.06.2016","9,41","9,18","9,47","9,11","2,65M","2,32%"
"29.06.2016","9,20","9,25","9,28","9,13","1,90M","0,00%"
"28.06.2016","9,20","9,08","9,26","8,92","3,08M","4,25%"
"27.06.2016","8,82","8,59","9,40","8,47","6,49M","5,83%"
"24.06.2016","8,34","8,68","9,10","8,25","6,98M","-14,91%"
"23.06.2016","9,80","9,87","9,99","9,74","1,90M","0,00%"
"22.06.2016","9,80","9,50","9,95","9,45","3,95M","3,88%"
"21.06.2016","9,43","9,28","9,49","9,28","1,41M","1,43%"
"20.06.2016","9,30","9,27","9,34","9,16","1,22M","3,30%"
"17.06.2016","9,00","9,02","9,10","8,89","2,99M","3,73%"
"16.06.2016","8,68","8,82","8,85","8,62","2,28M","-2,09%"
"15.06.2016","8,86","8,93","9,03","8,85","1,27M","-0,71%"
"14.06.2016","8,93","8,92","9,00","8,82","2,47M","-0,71%"
"13.06.2016","8,99","8,87","9,16","8,80","1,65M","-3,18%"
"10.06.2016","9,29","9,60","9,62","9,23","1,28M","-3,56%"
"09.06.2016","9,63","9,73","9,74","9,61","801,82K","-1,07%"
"08.06.2016","9,73","9,63","9,81","9,60","1,22M","0,43%"
"07.06.2016","9,69","9,70","9,72","9,63","846,26K","0,44%"
"06.06.2016","9,65","9,69","9,71","9,61","472,45K","0,23%"
"03.06.2016","9,63","9,73","9,76","9,53","810,36K","-0,47%"
"02.06.2016","9,67","9,84","9,85","9,66","1,21M","-1,59%"
"01.06.2016","9,83","9,95","9,95","9,76","1,10M","-0,66%"
"31.05.2016","9,89","9,74","9,91","9,66","1,66M","2,00%"
"30.05.2016","9,70","9,77","9,83","9,68","238,25K","-0,31%"
"27.05.2016","9,73","9,66","9,78","9,52","1,21M","0,31%"
"26.05.2016","9,70","9,68","9,83","9,63","984,27K","0,19%"
"25.05.2016","9,68","9,78","9,78","9,61","1,06M","-0,20%"
"24.05.2016","9,70","9,53","9,76","9,50","1,18M","1,24%"
"23.05.2016","9,58","9,45","9,59","9,43","1,69M","1,64%"
"20.05.2016","9,43","9,33","9,45","9,31","1,08M","1,74%"
"19.05.2016","9,27","9,21","9,30","9,15","1,50M","0,38%"
"18.05.2016","9,23","9,25","9,30","9,16","1,08M","-0,88%"
"17.05.2016","9,31","9,37","9,49","9,28","912,51K","-0,08%"
"16.05.2016","9,32","9,40","9,40","9,23","1,09M","-1,17%"
"13.05.2016","9,43","9,53","9,55","9,36","1,97M","-1,06%"
"12.05.2016","9,53","9,61","9,78","9,53","939,43K","-0,64%"
"11.05.2016","9,59","9,75","9,80","9,59","1,14M","-2,31%"
"10.05.2016","9,82","9,85","9,94","9,78","815,74K","0,81%"
"09.05.2016","9,74","9,78","9,85","9,68","767,58K","0,42%"
"06.05.2016","9,70","9,80","9,85","9,56","1,48M","-1,43%"
"05.05.2016","9,84","9,96","10,08","9,78","954,81K","-1,20%"
"04.05.2016","9,96","10,15","10,18","9,84","1,10M","-1,53%"
"03.05.2016","10,11","10,30","10,32","10,07","764,41K","-1,89%"
"02.05.2016","10,31","10,15","10,36","10,14","470,55K","1,58%"
"29.04.2016","10,15","10,06","10,18","10,01","1,35M","0,30%"
"28.04.2016","10,12","10,10","10,17","9,98","848,55K","-0,34%"
"27.04.2016","10,15","10,18","10,33","10,15","1,02M","-0,83%"
"26.04.2016","10,24","10,23","10,29","10,11","1,86M","0,54%"
"25.04.2016","10,19","10,10","10,19","10,00","1,15M","1,24%"
"22.04.2016","10,06","9,95","10,10","9,89","1,41M","2,17%"
"21.04.2016","9,85","9,96","9,97","9,74","1,47M","-1,20%"
"20.04.2016","9,97","9,85","10,01","9,85","1,18M","0,79%"
"19.04.2016","9,89","9,95","10,00","9,85","1,44M","-0,12%"
"18.04.2016","9,90","9,82","9,96","9,80","1,05M","0,18%"
"15.04.2016","9,88","9,98","9,98","9,84","985,31K","-0,48%"
"14.04.2016","9,93","9,97","10,06","9,80","1,84M","-0,30%"
"13.04.2016","9,96","9,95","10,02","9,87","3,03M","1,42%"
"12.04.2016","9,82","9,95","9,98","9,80","1,68M","-0,80%"
"11.04.2016","9,90","9,83","10,03","9,77","2,03M","0,30%"
"08.04.2016","9,87","9,76","9,99","9,76","706,56K","1,02%"
"07.04.2016","9,77","9,88","9,88","9,68","1,48M","-1,11%"
"06.04.2016","9,88","9,83","9,96","9,83","1,54M","0,20%"
"05.04.2016","9,86","9,89","9,94","9,74","2,32M","-1,40%"
"04.04.2016","10,00","10,01","10,09","9,90","2,06M","-0,15%"
"01.04.2016","10,02","10,12","10,12","9,90","1,66M","-2,01%"
"31.03.2016","10,22","10,40","10,40","10,13","1,69M","-2,01%"
"30.03.2016","10,43","10,35","10,49","10,35","834,05K","1,11%"
"29.03.2016","10,31","10,35","10,48","10,27","827,13K","0,49%"
"24.03.2016","10,27","10,24","10,37","10,23","527,68K","-1,30%"
"23.03.2016","10,40","10,48","10,51","10,33","658,77K","-0,24%"
"22.03.2016","10,43","10,52","10,53","10,24","815,22K","-1,18%"
"21.03.2016","10,55","10,58","10,63","10,42","644,89K","-0,52%"
"18.03.2016","10,60","10,60","10,68","10,53","2,36M","0,38%"
"17.03.2016","10,56","10,46","10,59","10,27","1,43M","2,18%"
"16.03.2016","10,34","10,30","10,37","10,24","3,36M","0,68%"
"15.03.2016","10,27","10,19","10,28","10,14","1,62M","0,98%"
"14.03.2016","10,17","10,10","10,26","10,10","1,90M","0,89%"
"11.03.2016","10,08","9,86","10,11","9,84","2,28M","3,70%"
"10.03.2016","9,72","9,60","9,97","9,55","1,96M","1,25%"
"09.03.2016","9,60","9,55","9,69","9,55","1,80M","0,73%"
"08.03.2016","9,53","9,69","9,69","9,51","2,12M","-1,84%"
"07.03.2016","9,71","9,83","9,94","9,71","1,73M","-1,47%"
"04.03.2016","9,85","9,94","9,96","9,77","919,81K","-0,36%"
"03.03.2016","9,89","10,00","10,00","9,85","1,60M","-0,40%"
"02.03.2016","9,93","9,99","10,00","9,83","1,10M","0,64%"
"01.03.2016","9,87","9,65","9,95","9,61","1,25M","2,24%"
"29.02.2016","9,65","9,50","9,73","9,40","1,53M","0,32%"
"26.02.2016","9,62","9,60","9,71","9,51","1,87M","1,58%"
"25.02.2016","9,47","9,40","9,56","9,35","1,38M","2,05%"
"24.02.2016","9,28","9,50","9,55","9,25","996,33K","-2,54%"
"23.02.2016","9,52","9,74","9,74","9,52","1,42M","-2,01%"
"22.02.2016","9,72","9,62","9,81","9,61","1,59M","1,66%"
"19.02.2016","9,56","9,45","9,59","9,45","1,32M","0,40%"
"18.02.2016","9,52","9,52","9,60","9,46","1,84M","0,74%"
"17.02.2016","9,45","9,17","9,50","9,12","2,61M","3,70%"
"16.02.2016","9,11","9,30","9,30","9,11","2,11M","-0,74%"
"15.02.2016","9,18","9,23","9,39","9,13","1,68M","2,08%"
"12.02.2016","8,99","9,11","9,11","8,94","2,68M","0,16%"
"11.02.2016","8,98","9,48","9,48","8,96","2,89M","-5,47%"
"10.02.2016","9,50","9,34","9,59","9,27","2,22M","2,72%"
"09.02.2016","9,25","9,73","9,73","9,01","3,32M","-4,36%"
"08.02.2016","9,67","10,29","10,34","9,55","2,53M","-5,10%"
"05.02.2016","10,19","10,57","10,58","10,17","1,38M","-3,32%"
"04.02.2016","10,54","10,70","10,73","10,49","1,05M","0,33%"
"03.02.2016","10,51","10,53","10,66","10,39","1,52M","-0,33%"
"02.02.2016","10,54","10,82","10,89","10,53","1,29M","-2,45%"
"01.02.2016","10,81","10,77","10,85","10,69","841,16K","1,17%"
"29.01.2016","10,68","10,70","10,80","10,62","2,24M","0,56%"
"28.01.2016","10,62","10,60","10,81","10,52","2,60M","0,76%"
"27.01.2016","10,54","10,64","10,65","10,45","737,95K","-0,85%"
"26.01.2016","10,63","10,48","10,68","10,44","1,11M","-0,09%"
"25.01.2016","10,64","10,74","10,74","10,48","2,00M","0,19%"
"22.01.2016","10,62","10,44","10,74","10,32","2,55M","5,10%"
"21.01.2016","10,10","9,99","10,38","9,97","2,14M","1,46%"
"20.01.2016","9,96","10,05","10,09","9,87","2,00M","-2,83%"
"19.01.2016","10,25","10,14","10,47","10,09","2,15M","2,40%"
"18.01.2016","10,01","9,94","10,10","9,93","1,34M","0,62%"
"15.01.2016","9,95","10,10","10,23","9,83","1,59M","-2,28%"
"14.01.2016","10,18","10,35","10,38","10,10","2,48M","-2,68%"
"13.01.2016","10,46","10,73","10,75","10,46","2,35M","-1,51%"
"12.01.2016","10,62","10,52","10,73","10,47","1,54M","0,90%"
"11.01.2016","10,52","10,50","10,70","10,45","2,72M","-0,43%"
"08.01.2016","10,57","10,75","10,80","10,53","1,64M","-1,54%"
"07.01.2016","10,73","10,98","10,98","10,70","3,06M","-4,32%"
"06.01.2016","11,22","11,37","11,41","11,19","1,00M","-2,09%"
"05.01.2016","11,46","11,52","11,56","11,35","1,02M","0,53%"
"04.01.2016","11,40","11,44","11,44","11,19","1,37M","-1,26%"
"31.12.2015","11,55","11,70","11,70","11,54","174,75K","-0,73%"
"30.12.2015","11,63","11,44","11,68","11,43","1,04M","1,04%"
"29.12.2015","11,51","11,48","11,59","11,40","1,71M","0,74%"
"28.12.2015","11,43","11,55","11,59","11,38","1,84M","-0,48%"
"24.12.2015","11,48","11,56","11,60","11,42","201,01K","-0,22%"
"23.12.2015","11,51","11,29","11,54","11,27","1,34M","2,68%"
"22.12.2015","11,20","11,27","11,49","11,13","1,84M","0,27%"
"21.12.2015","11,18","11,75","11,75","11,14","3,49M","-6,64%"
"18.12.2015","11,97","12,03","12,15","11,86","8,89M","-1,28%"
"17.12.2015","12,13","12,04","12,22","12,02","2,62M","1,46%"
"16.12.2015","11,95","11,97","12,00","11,73","1,49M","0,72%"
"15.12.2015","11,86","11,58","12,14","11,58","2,03M","1,98%"
"14.12.2015","11,64","11,45","11,74","11,45","2,74M","0,39%"
"11.12.2015","11,59","11,75","11,86","11,56","1,80M","-0,60%"
"10.12.2015","11,66","11,75","11,78","11,59","1,04M","-1,27%"
"09.12.2015","11,81","11,97","12,00","11,78","1,84M","-1,09%"
"08.12.2015","11,94","11,99","12,05","11,87","1,65M","0,13%"
"07.12.2015","11,93","11,86","12,09","11,70","1,22M","2,14%"
"04.12.2015","11,68","11,75","11,78","11,44","1,33M","-1,14%"
"03.12.2015","11,81","11,87","12,14","11,56","2,33M","-0,42%"
"02.12.2015","11,86","11,87","11,95","11,77","1,21M","0,34%"
"01.12.2015","11,82","11,85","11,95","11,73","1,38M","0,25%"
"30.11.2015","11,79","11,88","11,94","11,63","1,71M","-0,72%"
"27.11.2015","11,88","11,71","11,91","11,65","1,03M","0,59%"
"26.11.2015","11,81","11,41","11,85","11,41","1,14M","2,74%"
"25.11.2015","11,49","11,35","11,49","11,30","1,25M","1,50%"
"24.11.2015","11,32","11,50","11,50","11,21","1,72M","-2,03%"
"23.11.2015","11,56","11,65","11,72","11,51","1,52M","-0,99%"
"20.11.2015","11,67","11,76","11,78","11,60","1,13M","-0,51%"
"19.11.2015","11,73","11,61","11,74","11,47","708,77K","2,36%"
"18.11.2015","11,46","11,59","11,69","11,42","991,62K","-1,46%"
"17.11.2015","11,63","11,44","11,66","11,31","1,63M","2,69%"
"16.11.2015","11,32","11,11","11,35","11,04","719,68K","1,03%"
"13.11.2015","11,21","11,11","11,28","11,07","973,36K","0,76%"
"12.11.2015","11,13","11,38","11,43","11,11","1,05M","-2,07%"
"11.11.2015","11,36","11,21","11,59","11,15","1,60M","2,30%"
"10.11.2015","11,10","11,35","11,41","11,08","1,54M","-1,25%"
"09.11.2015","11,24","11,58","11,63","11,23","1,30M","-2,22%"
"06.11.2015","11,50","11,41","11,65","11,40","1,42M","0,97%"
"05.11.2015","11,39","11,40","11,48","11,22","1,69M","0,09%"
"04.11.2015","11,38","11,70","11,75","11,13","1,88M","-2,90%"
"03.11.2015","11,72","11,76","11,90","11,60","1,02M","-0,72%"
"02.11.2015","11,81","11,61","11,97","11,59","2,13M","1,24%"
"30.10.2015","11,66","11,77","11,84","11,59","1,36M","-1,40%"
"29.10.2015","11,82","11,91","11,91","11,71","1,22M","-0,30%"
"28.10.2015","11,86","11,86","11,98","11,73","891,39K","-0,17%"
"27.10.2015","11,88","11,90","11,94","11,66","1,39M","-0,29%"
"26.10.2015","11,91","11,81","11,95","11,57","1,14M","1,06%"
"23.10.2015","11,79","11,60","11,96","11,60","1,40M","1,99%"
"22.10.2015","11,56","11,45","11,60","11,29","1,26M","0,96%"
"21.10.2015","11,45","11,49","11,60","11,43","1,12M","-0,09%"
"20.10.2015","11,46","11,34","11,49","11,34","968,19K","0,92%"
"19.10.2015","11,35","11,22","11,42","11,22","791,70K","1,34%"
"16.10.2015","11,20","11,17","11,33","11,10","1,17M","0,22%"
"15.10.2015","11,18","11,06","11,22","11,03","1,59M","1,45%"
"14.10.2015","11,02","11,02","11,13","11,00","710,31K","-0,81%"
"13.10.2015","11,11","11,11","11,13","10,97","909,61K","0,23%"
"12.10.2015","11,09","11,15","11,15","11,03","1,24M","-1,38%"
"09.10.2015","11,24","11,48","11,52","11,19","1,46M","-1,62%"
"08.10.2015","11,43","11,44","11,60","11,34","3,17M","-1,13%"
"07.10.2015","11,56","11,50","11,65","11,41","1,75M","1,05%"
"06.10.2015","11,44","11,35","11,50","11,30","2,40M","1,19%"
"05.10.2015","11,30","11,00","11,43","10,97","2,28M","3,72%"
"02.10.2015","10,90","10,74","10,94","10,66","1,55M","2,30%"
"01.10.2015","10,65","10,75","10,75","10,59","1,56M","0,00%"
"30.09.2015","10,65","10,77","10,80","10,57","1,72M","0,71%"
"29.09.2015","10,57","10,61","10,72","10,55","1,21M","-1,31%"
"28.09.2015","10,72","10,66","10,84","10,61","1,49M","0,33%"
"25.09.2015","10,68","10,60","10,75","10,54","4,65M","1,96%"
"24.09.2015","10,48","10,73","10,73","10,41","1,55M","-1,32%"
"23.09.2015","10,61","10,48","10,73","10,34","1,05M","0,62%"
"22.09.2015","10,55","10,78","10,80","10,45","1,63M","-1,26%"
"21.09.2015","10,69","10,57","10,73","10,47","1,73M","1,09%"
"18.09.2015","10,57","10,45","10,80","10,36","5,23M","1,39%"
"17.09.2015","10,43","10,51","10,60","10,34","1,47M","-0,05%"
"16.09.2015","10,43","10,48","10,59","10,38","1,21M","0,53%"
"15.09.2015","10,38","10,29","10,43","10,22","2,07M","1,32%"
"14.09.2015","10,24","10,33","10,45","10,11","1,17M","-1,54%"
"11.09.2015","10,40","10,55","10,59","10,30","1,12M","-1,05%"
"10.09.2015","10,51","10,60","10,60","10,40","1,44M","-1,50%"
"09.09.2015","10,67","10,80","10,84","10,60","1,53M","0,38%"
"08.09.2015","10,63","10,53","10,70","10,38","1,40M","1,05%"
"07.09.2015","10,52","10,12","10,59","10,11","2,62M","1,84%"
"04.09.2015","10,33","10,63","10,70","10,26","1,29M","-3,00%"
"03.09.2015","10,65","10,51","10,70","10,39","1,43M","2,50%"
"02.09.2015","10,39","10,35","10,53","10,34","1,21M","1,02%"
"01.09.2015","10,28","10,31","10,31","10,10","1,08M","-0,44%"
"31.08.2015","10,33","10,34","10,46","10,19","828,97K","-0,48%"
"28.08.2015","10,38","10,44","10,48","10,27","733,72K","-0,19%"
"27.08.2015","10,40","10,39","10,53","10,27","1,42M","1,66%"
"26.08.2015","10,23","10,29","10,55","10,13","1,72M","-1,63%"
"25.08.2015","10,40","10,15","10,56","10,02","1,42M","4,00%"
"24.08.2015","10,00","10,35","10,35","9,93","2,98M","-5,57%"
"21.08.2015","10,59","10,74","10,84","10,59","1,21M","-2,17%"
"20.08.2015","10,82","10,89","10,94","10,73","1,73M","-0,69%"
"19.08.2015","10,90","11,22","11,22","10,85","1,55M","-1,36%"
"18.08.2015","11,05","10,78","11,10","10,74","2,99M","3,17%"
"17.08.2015","10,71","10,69","10,77","10,65","1,94M","0,09%"
"14.08.2015","10,70","10,55","10,74","10,54","1,20M","1,13%"
"13.08.2015","10,58","10,52","10,72","10,40","1,46M","-0,24%"
"12.08.2015","10,60","10,71","10,76","10,55","1,30M","-1,44%"
"11.08.2015","10,76","10,80","10,84","10,72","2,22M","-0,51%"
"10.08.2015","10,81","10,74","10,88","10,58","2,11M","0,93%"
"07.08.2015","10,72","10,60","10,78","10,57","2,67M","1,08%"
"06.08.2015","10,60","10,51","10,66","10,42","2,77M","0,95%"
"05.08.2015","10,50","10,65","10,80","10,38","2,20M","1,55%"
"04.08.2015","10,34","10,34","10,41","10,23","2,66M","0,88%"
"03.08.2015","10,25","9,98","10,28","9,95","1,73M","2,72%"
"31.07.2015","9,98","9,87","10,02","9,84","4,65M","0,08%"
"30.07.2015","9,97","9,83","9,97","9,74","8,25M","2,06%"
"29.07.2015","9,77","9,62","9,77","9,52","4,51M","1,45%"
"28.07.2015","9,63","9,55","9,73","9,55","6,65M","1,35%"
"27.07.2015","9,50","9,61","9,63","9,50","5,15M","-2,24%"
"24.07.2015","9,72","9,89","9,90","9,72","2,57M","-1,49%"
"23.07.2015","9,87","10,14","10,14","9,83","3,53M","-1,72%"
"22.07.2015","10,04","10,10","10,19","10,02","3,23M","-0,79%"
"21.07.2015","10,12","10,13","10,14","9,98","2,03M","0,00%"
"20.07.2015","10,12","10,11","10,16","9,75","1,55M","0,92%"
"17.07.2015","10,03","10,18","10,18","9,96","858,02K","-0,61%"
"16.07.2015","10,09","10,05","10,11","9,79","1,97M","-0,43%"
"15.07.2015","10,13","9,97","10,14","9,97","468,70K","1,86%"
"14.07.2015","9,95","10,09","10,09","9,87","1,24M","-0,53%"
"13.07.2015","10,00","9,95","10,13","9,92","645,81K","1,07%"
"10.07.2015","9,90","9,68","10,00","9,60","1,15M","3,46%"
"09.07.2015","9,56","9,49","9,66","9,43","2,19M","1,44%"
"08.07.2015","9,43","9,51","9,57","9,40","669,96K","-0,51%"
"07.07.2015","9,48","9,67","9,67","9,46","601,30K","-1,06%"
"06.07.2015","9,58","9,65","9,74","9,58","635,99K","-2,07%"
"03.07.2015","9,78","9,81","9,86","9,68","414,94K","-0,09%"
"02.07.2015","9,79","9,74","9,82","9,66","644,28K","1,09%"
"01.07.2015","9,68","9,68","9,78","9,61","979,46K","0,27%"
"30.06.2015","9,66","9,75","9,93","9,66","1,24M","-1,35%"
"29.06.2015","9,79","9,98","10,02","9,45","935,69K","-3,97%"
"26.06.2015","10,19","10,08","10,35","9,98","952,46K","1,76%"
"25.06.2015","10,02","10,01","10,22","9,81","1,65M","0,00%"
"24.06.2015","10,02","9,92","10,03","9,83","1,02M","1,43%"
"23.06.2015","9,87","9,63","9,91","9,61","896,56K","3,08%"
"22.06.2015","9,58","9,68","9,76","9,53","998,45K","-0,73%"
"19.06.2015","9,65","9,49","9,67","9,15","3,68M","1,76%"
"18.06.2015","9,48","9,63","9,67","9,48","885,02K","-1,73%"
"17.06.2015","9,65","9,74","9,94","9,65","1,08M","0,00%"
"16.06.2015","9,65","9,83","9,96","9,62","1,59M","-1,79%"
"15.06.2015","9,82","9,99","10,02","9,74","784,93K","-1,25%"
"12.06.2015","9,95","10,29","10,29","9,91","1,12M","-2,67%"
"11.06.2015","10,22","10,25","10,35","10,16","996,86K","0,61%"
"10.06.2015","10,16","10,11","10,53","9,81","1,93M","-0,09%"
"09.06.2015","10,17","10,18","10,65","10,09","1,44M","1,59%"
"08.06.2015","10,01","10,37","10,42","9,80","564,28K","-1,78%"
"05.06.2015","10,19","10,15","10,38","10,13","583,17K","-0,22%"
"04.06.2015","10,21","10,19","10,30","10,05","880,95K","0,18%"
"03.06.2015","10,19","10,31","10,39","10,16","963,84K","0,34%"
"02.06.2015","10,16","10,43","10,43","10,16","560,29K","-1,63%"
"01.06.2015","10,33","10,57","10,57","10,27","806,32K","-1,09%"
"29.05.2015","10,44","10,60","10,60","10,32","993,16K","-1,00%"
"28.05.2015","10,55","10,55","10,65","10,47","851,97K","0,59%"
"27.05.2015","10,49","10,37","10,53","10,31","640,18K","1,27%"
"26.05.2015","10,35","10,26","10,41","10,17","1,01M","0,43%"
"25.05.2015","10,31","10,49","10,53","10,30","496,21K","-1,26%"
"22.05.2015","10,44","10,43","10,48","10,36","1,06M","0,85%"
"21.05.2015","10,35","10,45","10,48","10,28","714,33K","-0,25%"
"20.05.2015","10,38","10,57","10,57","10,38","4,30M","-0,93%"
"19.05.2015","10,48","10,40","10,60","10,36","544,78K","0,63%"
"18.05.2015","10,41","10,44","10,56","10,35","501,80K","-0,30%"
"15.05.2015","10,44","10,56","10,57","10,44","420,11K","-1,25%"
"14.05.2015","10,57","10,84","10,88","10,53","763,65K","0,16%"
"13.05.2015","10,56","10,54","10,79","10,49","650,24K","0,09%"
"12.05.2015","10,55","10,49","10,58","10,27","689,97K","-0,25%"
"11.05.2015","10,57","10,67","10,81","10,48","608,89K","0,93%"
"08.05.2015","10,48","10,36","10,84","10,18","643,58K","3,03%"
"07.05.2015","10,17","10,37","10,43","10,01","1,18M","-1,33%"
"06.05.2015","10,31","10,76","10,76","10,31","559,68K","-2,87%"
"05.05.2015","10,61","10,74","10,91","10,54","500,07K","-1,71%"
"04.05.2015","10,80","10,90","11,00","10,64","342,24K","0,62%"
"30.04.2015","10,73","10,64","10,85","10,51","1,20M","-1,42%"
"29.04.2015","10,88","10,75","11,02","10,63","1,65M","0,00%"
"28.04.2015","10,88","10,71","10,97","10,60","4,74M","1,23%"
"27.04.2015","10,75","10,31","10,92","10,22","1,95M","4,10%"
"24.04.2015","10,33","10,24","10,33","10,13","743,33K","0,78%"
"23.04.2015","10,25","10,27","10,31","10,10","852,25K","-0,48%"
"22.04.2015","10,30","10,19","10,30","9,96","3,05M","1,17%"
"21.04.2015","10,18","10,61","10,61","9,85","1,89M","-1,79%"
"20.04.2015","10,36","11,19","11,22","10,15","860,21K","-1,95%"
"17.04.2015","10,57","10,38","10,58","10,38","1,34M","-0,22%"
"16.04.2015","10,59","10,38","10,59","10,19","2,74M","1,29%"
"15.04.2015","10,46","10,54","10,54","10,34","1,22M","0,77%"
"14.04.2015","10,38","10,39","10,53","10,19","1,05M","-0,08%"
"13.04.2015","10,39","10,30","10,46","10,29","1,08M","1,25%"
"10.04.2015","10,26","10,06","10,28","10,05","730,14K","1,98%"
"09.04.2015","10,06","10,03","10,12","9,99","340,84K","0,40%"
"08.04.2015","10,02","9,91","10,11","9,90","641,62K","0,32%"
"07.04.2015","9,99","10,13","10,13","9,98","360,75K","0,08%"
"02.04.2015","9,98","10,06","10,13","9,90","307,06K","0,00%"
"01.04.2015","9,98","10,14","10,14","9,96","427,75K","-1,41%"
"31.03.2015","10,12","10,05","10,14","10,00","529,11K","0,23%"
"30.03.2015","10,10","10,03","10,15","9,99","708,77K","1,18%"
"27.03.2015","9,98","9,98","10,04","9,91","1,18M","0,40%"
"26.03.2015","9,94","9,99","9,99","9,81","528,20K","-0,30%"
"25.03.2015","9,97","9,97","10,05","9,89","597,32K","0,30%"
"24.03.2015","9,94","9,89","9,98","9,83","597,53K","0,51%"
"23.03.2015","9,89","9,89","9,90","9,85","449,39K","0,30%"
"20.03.2015","9,86","9,76","9,88","9,73","1,20M","1,65%"
"19.03.2015","9,70","9,74","9,78","9,66","999,87K","-0,82%"
"18.03.2015","9,78","9,80","9,81","9,73","534,77K","-0,41%"
"17.03.2015","9,82","9,82","9,87","9,78","756,35K","0,00%"
"16.03.2015","9,82","9,75","9,88","9,70","379,19K","0,82%"
"13.03.2015","9,74","9,73","9,83","9,66","741,13K","0,83%"
"12.03.2015","9,66","9,56","9,72","9,55","593,94K","0,52%"
"11.03.2015","9,61","9,62","9,73","9,58","812,63K","0,31%"
"10.03.2015","9,58","9,58","9,62","9,56","350,34K","0,10%"
"09.03.2015","9,57","9,66","9,66","9,52","258,49K","-0,21%"
"06.03.2015","9,59","9,65","9,72","9,58","840,50K","-0,62%"
"05.03.2015","9,65","9,56","9,68","9,54","1,54M","0,73%"
"04.03.2015","9,58","9,66","9,77","9,51","607,31K","-0,83%"
"03.03.2015","9,66","9,81","9,83","9,58","365,07K","0,00%"
"02.03.2015","9,66","9,85","9,85","9,61","975,58K","0,84%"
"27.02.2015","9,58","9,80","9,80","9,44","985,61K","0,63%"
"26.02.2015","9,52","9,66","9,75","9,46","1,09M","-3,05%"
"25.02.2015","9,82","9,34","9,82","9,29","1,76M","5,14%"
"24.02.2015","9,34","9,22","9,38","9,22","1,49M","1,74%"
"23.02.2015","9,18","9,18","9,23","9,08","1,39M","0,00%"
"20.02.2015","9,18","9,12","9,20","9,04","838,68K","0,44%"
"19.02.2015","9,14","9,05","9,14","9,01","1,34M","0,88%"
"18.02.2015","9,06","8,98","9,06","8,94","693,07K","1,34%"
"17.02.2015","8,94","8,97","8,98","8,88","414,60K","-0,45%"
"16.02.2015","8,98","9,01","9,08","8,92","332,45K","0,67%"
"13.02.2015","8,92","8,94","9,04","8,90","439,90K","0,34%"
"12.02.2015","8,89","8,78","8,94","8,78","694,39K","2,18%"
"11.02.2015","8,70","8,75","8,84","8,70","378,11K","-1,58%"
"10.02.2015","8,84","8,74","8,86","8,70","861,62K","1,61%"
"09.02.2015","8,70","8,72","8,78","8,63","521,17K","0,00%"
"06.02.2015","8,70","8,60","8,74","8,53","648,29K","1,28%"
"05.02.2015","8,59","8,62","8,62","8,51","321,92K","0,59%"
"04.02.2015","8,54","8,53","8,56","8,46","717,97K","0,23%"
"03.02.2015","8,52","8,52","8,57","8,41","515,68K","-0,12%"
"02.02.2015","8,53","8,59","8,59","8,39","485,45K","0,59%"
"30.01.2015","8,48","8,62","8,62","8,48","434,67K","-0,59%"
"29.01.2015","8,53","8,56","8,59","8,49","373,88K","-0,23%"
"28.01.2015","8,55","8,54","8,70","8,47","357,59K","0,23%"
"27.01.2015","8,53","8,64","8,64","8,53","329,26K","-1,16%"
"26.01.2015","8,63","8,70","8,70","8,61","392,91K","-0,35%"
"23.01.2015","8,66","8,63","8,70","8,59","1,07M","0,93%"
"22.01.2015","8,58","8,56","8,60","8,50","666,07K","0,82%"
"21.01.2015","8,51","8,57","8,57","8,46","746,01K","-0,23%"
"20.01.2015","8,53","8,53","8,57","8,39","510,24K","-0,12%"
"19.01.2015","8,54","8,41","8,57","8,41","435,32K","0,59%"
"16.01.2015","8,49","8,37","8,49","8,36","584,21K","1,92%"
"15.01.2015","8,33","8,38","8,38","8,29","332,19K","-0,48%"
"14.01.2015","8,37","8,29","8,42","8,27","1,02M","-0,12%"
"13.01.2015","8,38","8,35","8,38","8,28","617,41K","0,84%"
"12.01.2015","8,31","8,36","8,37","8,25","509,79K","-0,60%"
"09.01.2015","8,36","8,37","8,38","8,23","404,04K","-0,24%"
"08.01.2015","8,38","8,27","8,38","8,11","513,98K","0,96%"
"07.01.2015","8,30","8,01","8,30","7,97","785,49K","2,98%"
"06.01.2015","8,06","8,10","8,32","8,06","52,04K","-0,98%"
"05.01.2015","8,14","8,06","8,29","8,06","375,27K","0,00%"
"02.01.2015","8,14","8,13","8,25","8,00","197,34K","1,62%"
"31.12.2014","8,01","7,92","8,06","7,83","203,98K","2,04%"
"30.12.2014","7,85","7,83","7,92","7,78","159,85K","0,26%"
"29.12.2014","7,83","7,66","7,96","7,66","413,89K","-1,88%"
"24.12.2014","7,98","7,97","7,98","7,82","129,59K","0,76%"
"23.12.2014","7,92","7,97","7,97","7,86","434,95K","-0,38%"
"22.12.2014","7,95","7,97","7,97","7,87","430,18K","-0,13%"
"19.12.2014","7,96","7,93","7,96","7,87","1,69M","1,27%"
"18.12.2014","7,86","7,88","7,89","7,75","419,96K","1,16%"
"17.12.2014","7,77","7,80","7,92","7,73","358,32K","-0,64%"
"16.12.2014","7,82","7,90","7,94","7,79","504,11K","-1,01%"
"15.12.2014","7,90","7,94","7,96","7,82","506,91K","-0,50%"
"12.12.2014","7,94","7,82","7,96","7,80","627,52K","1,79%"
"11.12.2014","7,80","7,94","7,94","7,80","235,49K","-1,76%"
"10.12.2014","7,94","7,83","7,96","7,83","632,58K","1,53%"
"09.12.2014","7,82","7,94","7,96","7,63","258,90K","-1,64%"
"08.12.2014","7,95","7,95","7,96","7,91","370,81K","0,51%"
"05.12.2014","7,91","7,95","7,98","7,88","598,54K","0,13%"
"04.12.2014","7,90","7,90","7,96","7,86","302,42K","0,00%"
"03.12.2014","7,90","7,89","7,93","7,87","96,40K","-0,63%"
"02.12.2014","7,95","7,96","7,96","7,90","499,07K","-0,13%"
"01.12.2014","7,96","7,97","7,97","7,93","305,74K","0,13%"
"28.11.2014","7,95","7,96","7,96","7,84","298,41K","-0,13%"
"27.11.2014","7,96","7,89","7,96","7,89","368,65K","0,00%"
"26.11.2014","7,96","7,87","7,98","7,87","238,22K","0,76%"
"25.11.2014","7,90","7,96","7,96","7,83","2,26M","0,00%"
"24.11.2014","7,90","7,96","7,97","7,90","487,78K","-0,88%"
"21.11.2014","7,97","7,86","7,98","7,84","474,73K","0,89%"
"20.11.2014","7,90","7,84","7,97","7,84","276,59K","0,00%"
"19.11.2014","7,90","7,94","7,94","7,85","321,83K","-0,50%"
"18.11.2014","7,94","7,94","7,94","7,87","339,73K","0,51%"
"17.11.2014","7,90","7,94","7,94","7,83","333,37K","-0,50%"
"14.11.2014","7,94","7,88","7,96","7,88","297,26K","0,13%"
"13.11.2014","7,93","7,97","7,97","7,86","282,62K","-0,25%"
"12.11.2014","7,95","7,91","7,95","7,83","1,14M","1,27%"
"11.11.2014","7,85","7,56","7,95","7,54","451,89K","3,02%"
"10.11.2014","7,62","7,63","7,63","7,54","217,35K","0,53%"
"07.11.2014","7,58","7,66","7,66","7,58","340,34K","0,13%"
"06.11.2014","7,57","7,53","7,68","7,51","322,12K","0,66%"
"05.11.2014","7,52","7,58","7,62","7,52","240,27K","0,27%"
"04.11.2014","7,50","7,65","7,66","7,50","253,88K","-1,06%"
"03.11.2014","7,58","7,50","7,58","7,50","1,13M","0,53%"
"31.10.2014","7,54","7,56","7,56","7,47","558,83K","0,00%"
"30.10.2014","7,54","7,37","7,54","7,37","172,33K","-0,13%"
"29.10.2014","7,55","7,50","7,55","7,48","197,90K","0,40%"
"28.10.2014","7,52","7,44","7,56","7,38","509,05K","0,53%"
"27.10.2014","7,48","7,62","7,62","7,48","100,84K","-1,32%"
"24.10.2014","7,58","7,54","7,58","7,48","218,73K","0,26%"
"23.10.2014","7,56","7,65","7,65","7,46","337,69K","-0,66%"
"22.10.2014","7,61","7,70","7,70","7,58","324,83K","0,93%"
"21.10.2014","7,54","7,66","7,66","7,54","368,14K","-0,79%"
"20.10.2014","7,60","7,52","7,66","7,51","300,78K","1,20%"
"17.10.2014","7,51","7,58","7,69","7,51","353,25K","0,00%"
"16.10.2014","7,51","7,86","7,90","7,51","493,48K","-2,97%"
"15.10.2014","7,74","7,95","7,98","7,74","725,08K","-2,52%"
"14.10.2014","7,94","7,98","8,00","7,94","732,79K","-0,38%"
"13.10.2014","7,97","7,94","8,00","7,90","231,46K","0,89%"
"10.10.2014","7,90","7,98","7,98","7,83","1,39M","-0,63%"
"09.10.2014","7,95","7,93","8,01","7,91","668,40K","1,53%"
"08.10.2014","7,83","7,97","7,97","7,83","73,93K","-0,89%"
"07.10.2014","7,90","8,04","8,04","7,84","178,90K","-1,37%"
"06.10.2014","8,01","8,05","8,05","7,95","324,04K","0,25%"
"03.10.2014","7,99","8,06","8,10","7,86","1,06M","1,52%"
"02.10.2014","7,87","7,90","7,91","7,82","631,53K","-0,38%"
"01.10.2014","7,90","8,05","8,05","7,88","654,77K","-1,50%"
"30.09.2014","8,02","7,89","8,02","7,86","219,49K","1,91%"
"29.09.2014","7,87","7,92","7,97","7,83","279,07K","0,51%"
"26.09.2014","7,83","7,98","7,98","7,83","259,53K","-0,89%"
"25.09.2014","7,90","7,93","7,98","7,86","250,09K","-0,25%"
"24.09.2014","7,92","7,85","7,97","7,85","199,03K","-0,13%"
"23.09.2014","7,93","7,98","8,02","7,84","151,71K","-1,12%"
"22.09.2014","8,02","7,98","8,10","7,92","316,77K","-2,43%"
"19.09.2014","8,22","7,95","8,22","7,95","643,28K","2,75%"
"18.09.2014","8,00","7,93","8,00","7,74","263,85K","2,30%"
"17.09.2014","7,82","7,82","7,86","7,74","359,30K","1,03%"
"16.09.2014","7,74","7,78","7,94","7,74","95,18K","-0,51%"
"15.09.2014","7,78","7,80","7,87","7,78","161,64K","-1,77%"
"12.09.2014","7,92","7,86","7,97","7,83","100,03K","1,15%"
"11.09.2014","7,83","7,87","7,98","7,83","122,37K","-0,25%"
"10.09.2014","7,85","7,98","7,98","7,78","169,98K","-1,13%"
"09.09.2014","7,94","8,13","8,13","7,94","39,57K","-1,49%"
"08.09.2014","8,06","8,06","8,13","7,96","288,27K","0,12%"
"05.09.2014","8,05","8,05","8,18","7,99","817,53K","-0,12%"
"04.09.2014","8,06","7,59","8,06","7,59","665,34K","2,03%"
"03.09.2014","7,90","7,98","7,98","7,90","358,78K","-0,88%"
"02.09.2014","7,97","7,97","7,97","7,86","288,73K","0,89%"
"01.09.2014","7,90","7,95","7,97","7,81","56,53K","-1,00%"
"29.08.2014","7,98","7,88","7,98","7,79","131,95K","1,01%"
"28.08.2014","7,90","7,71","7,90","7,68","214,98K","1,15%"
"27.08.2014","7,81","7,76","7,82","7,61","296,22K","1,96%"
"26.08.2014","7,66","7,69","7,79","7,54","201,30K","-1,67%"
"25.08.2014","7,79","7,58","7,79","7,45","193,01K","3,87%"
"22.08.2014","7,50","7,41","7,54","7,41","191,24K","1,21%"
"21.08.2014","7,41","7,40","7,50","7,40","142,14K","-0,13%"
"20.08.2014","7,42","7,43","7,66","7,40","274,43K","-1,07%"
"19.08.2014","7,50","7,45","7,50","7,38","407,53K","1,08%"
"18.08.2014","7,42","7,49","7,58","7,37","268,16K","-1,07%"
"15.08.2014","7,50","7,41","7,74","7,28","520,49K","-1,83%"
"14.08.2014","7,64","7,31","7,67","7,26","327,83K","4,37%"
"13.08.2014","7,32","7,46","7,69","7,28","647,41K","-1,88%"
"12.08.2014","7,46","7,42","7,82","7,39","341,28K","0,54%"
"11.08.2014","7,42","7,39","7,49","7,38","322,57K","0,54%"
"08.08.2014","7,38","7,48","7,71","7,26","752,56K","-1,73%"
"07.08.2014","7,51","7,38","7,68","7,38","918,27K","1,90%"
"06.08.2014","7,37","7,44","7,53","7,34","459,12K","-0,94%"
"05.08.2014","7,44","7,33","7,58","7,33","630,89K","-2,36%"
"04.08.2014","7,62","7,81","7,90","7,58","392,42K","-1,17%"
"01.08.2014","7,71","7,94","7,94","7,58","673,74K","-2,28%"
"31.07.2014","7,89","7,94","7,98","7,89","284,61K","-1,00%"
"30.07.2014","7,97","7,97","7,98","7,90","199,24K","0,00%"
"29.07.2014","7,97","7,97","8,00","7,91","187,19K","-0,13%"
"28.07.2014","7,98","7,97","7,98","7,92","375,73K","0,00%"
"25.07.2014","7,98","7,98","7,99","7,97","254,46K","-0,25%"
"24.07.2014","8,00","7,99","8,00","7,98","75,39K","0,25%"
"23.07.2014","7,98","8,00","8,00","7,91","88,34K","0,00%"
"22.07.2014","7,98","7,98","7,99","7,97","134,18K","0,00%"
"21.07.2014","7,98","8,00","8,01","7,91","143,50K","0,50%"
"18.07.2014","7,94","8,01","8,01","7,91","139,43K","-0,50%"
"17.07.2014","7,98","7,98","8,02","7,98","77,23K","-0,50%"
"16.07.2014","8,02","7,97","8,02","7,97","325,38K","0,50%"
"15.07.2014","7,98","8,06","8,06","7,92","200,11K","-0,50%"
"14.07.2014","8,02","8,09","8,09","7,89","344,22K","0,50%"
"11.07.2014","7,98","8,25","8,25","7,98","115,70K","0,00%"
"10.07.2014","7,98","8,17","8,18","7,98","339,97K","-1,97%"
"09.07.2014","8,14","8,24","8,24","8,11","2,52M","-0,97%"
"08.07.2014","8,22","8,37","8,37","8,16","703,80K","-1,79%"
"07.07.2014","8,37","8,38","8,40","8,30","438,64K","-0,71%"
"04.07.2014","8,43","8,50","8,50","8,23","9,22M","1,08%"
"03.07.2014","8,34","8,26","8,50","8,21","9,08M","1,09%"
"02.07.2014","8,25","8,05","8,29","8,00","3,35M","2,48%"
"01.07.2014","8,05","7,80","8,22","7,78","3,04M","4,55%"